{
  "type": "FeatureCollection",
  "features": [
    {
      "type": "Feature",
      "properties": {
        "projectId": 46008,
        "name": "Mozambique TC GEZANI 26, Massinga 1 priority 3",
        "status": "PUBLISHED",
        "priority": "URGENT",
        "created": "2026-03-16T18:14:46.612000Z",
        "percentMapped": 2,
        "percentValidated": 0,
        "totalContributors": 0,
        "description": "Recently Mozambique was affected by Severe flooding that has affected more than half a million people following heavy rains in the first weeks of the new year, according to the UN Office for the Coordination of Humanitarian Affairs (OCHA). The situation continues to worsen as the country is also affected by Cyclone Gezani mainly the provinces of Sofala and Inhambane. There are 4 reported fatalities so far.  \n\nHOT is working with [UNICEF](https://www.unicef.org/), [INGD](https://ingd.gov.mz/) (Mozambique Disaster Risk Management Institute) and [OSM Mozambique](https://wiki.openstreetmap.org/wiki/Mozambique) to prioritize a coordinated mapping response. Please contribute to this project to support the response and recovery operations of these organizations. For more info on the wider response please visit: [Cyclone Gezani OSM Wiki Page](https://wiki.openstreetmap.org/wiki/Humanitarian_OSM_Team/Open_Mapping_Hub_Eastern_and_Southern_Africa/Cyclone_Gezani_2026)",
        "url": "https://tasks.hotosm.org/projects/46008"
      },
      "geometry": {
        "type": "MultiPolygon",
        "coordinates": [
          [
            [
              [
                35.073853,
                -23.448129
              ],
              [
                35.062866,
                -23.448129
              ],
              [
                35.062866,
                -23.438049
              ],
              [
                35.073853,
                -23.438049
              ],
              [
                35.073853,
                -23.448129
              ]
            ]
          ],
          [
            [
              [
                35.12808,
                -23.423611
              ],
              [
                35.128202,
                -23.42424
              ],
              [
                35.128198,
                -23.424873
              ],
              [
                35.128442,
                -23.425448
              ],
              [
                35.128438,
                -23.426081
              ],
              [
                35.128617,
                -23.42717
              ],
              [
                35.128614,
                -23.427811
              ],
              [
                35.128858,
                -23.428493
              ],
              [
                35.129102,
                -23.429298
              ],
              [
                35.129098,
                -23.429931
              ],
              [
                35.129338,
                -23.431255
              ],
              [
                35.129705,
                -23.431949
              ],
              [
                35.130014,
                -23.432689
              ],
              [
                35.130319,
                -23.433607
              ],
              [
                35.130811,
                -23.434358
              ],
              [
                35.131116,
                -23.435054
              ],
              [
                35.131421,
                -23.435794
              ],
              [
                35.131974,
                -23.436662
              ],
              [
                35.132219,
                -23.437242
              ],
              [
                35.132772,
                -23.437988
              ],
              [
                35.133081,
                -23.438621
              ],
              [
                35.133325,
                -23.439254
              ],
              [
                35.13363,
                -23.440004
              ],
              [
                35.133874,
                -23.440749
              ],
              [
                35.134179,
                -23.441386
              ],
              [
                35.134488,
                -23.442018
              ],
              [
                35.135041,
                -23.442941
              ],
              [
                35.135286,
                -23.443746
              ],
              [
                35.135526,
                -23.444604
              ],
              [
                35.135831,
                -23.445413
              ],
              [
                35.13564,
                -23.446101
              ],
              [
                35.135389,
                -23.446841
              ],
              [
                35.134763,
                -23.447413
              ],
              [
                35.134202,
                -23.448157
              ],
              [
                35.13358,
                -23.448382
              ],
              [
                35.132089,
                -23.448434
              ],
              [
                35.131158,
                -23.44843
              ],
              [
                35.13041,
                -23.44842
              ],
              [
                35.129727,
                -23.448476
              ],
              [
                35.128301,
                -23.448468
              ],
              [
                35.127427,
                -23.448922
              ],
              [
                35.127175,
                -23.449666
              ],
              [
                35.127233,
                -23.450415
              ],
              [
                35.127229,
                -23.451159
              ],
              [
                35.127225,
                -23.45185
              ],
              [
                35.127221,
                -23.452532
              ],
              [
                35.127426,
                -23.453168
              ],
              [
                35.117798,
                -23.453168
              ],
              [
                35.095825,
                -23.453168
              ],
              [
                35.095825,
                -23.448129
              ],
              [
                35.084839,
                -23.448129
              ],
              [
                35.084839,
                -23.438049
              ],
              [
                35.095825,
                -23.438049
              ],
              [
                35.095825,
                -23.422929
              ],
              [
                35.117798,
                -23.422929
              ],
              [
                35.128084,
                -23.422929
              ],
              [
                35.128083,
                -23.42298
              ],
              [
                35.12808,
                -23.423611
              ]
            ]
          ],
          [
            [
              [
                35.115071,
                -23.399654
              ],
              [
                35.115376,
                -23.400169
              ],
              [
                35.115994,
                -23.40063
              ],
              [
                35.116986,
                -23.401218
              ],
              [
                35.117291,
                -23.40179
              ],
              [
                35.117909,
                -23.402026
              ],
              [
                35.118466,
                -23.402547
              ],
              [
                35.118607,
                -23.402765
              ],
              [
                35.106812,
                -23.402765
              ],
              [
                35.106812,
                -23.397724
              ],
              [
                35.111735,
                -23.397724
              ],
              [
                35.111977,
                -23.397912
              ],
              [
                35.112904,
                -23.398378
              ],
              [
                35.113709,
                -23.398837
              ],
              [
                35.114327,
                -23.399366
              ],
              [
                35.115071,
                -23.399654
              ]
            ]
          ],
          [
            [
              [
                35.110131,
                -23.356451
              ],
              [
                35.109567,
                -23.357198
              ],
              [
                35.10888,
                -23.357997
              ],
              [
                35.108315,
                -23.358682
              ],
              [
                35.108064,
                -23.359372
              ],
              [
                35.107377,
                -23.36
              ],
              [
                35.107125,
                -23.360685
              ],
              [
                35.106439,
                -23.36143
              ],
              [
                35.105626,
                -23.362113
              ],
              [
                35.104939,
                -23.362682
              ],
              [
                35.104317,
                -23.363137
              ],
              [
                35.103631,
                -23.363765
              ],
              [
                35.102883,
                -23.364276
              ],
              [
                35.101949,
                -23.364732
              ],
              [
                35.101201,
                -23.365012
              ],
              [
                35.100514,
                -23.36559
              ],
              [
                35.099831,
                -23.365808
              ],
              [
                35.098897,
                -23.366086
              ],
              [
                35.098397,
                -23.366603
              ],
              [
                35.097775,
                -23.366946
              ],
              [
                35.096841,
                -23.367509
              ],
              [
                35.096093,
                -23.368201
              ],
              [
                35.095841,
                -23.368827
              ],
              [
                35.095833,
                -23.369576
              ],
              [
                35.095521,
                -23.370438
              ],
              [
                35.095517,
                -23.371066
              ],
              [
                35.095509,
                -23.371812
              ],
              [
                35.09557,
                -23.372441
              ],
              [
                35.095584,
                -23.372514
              ],
              [
                35.068359,
                -23.372514
              ],
              [
                35.068359,
                -23.352731
              ],
              [
                35.073772,
                -23.342256
              ],
              [
                35.101318,
                -23.342256
              ],
              [
                35.101318,
                -23.332168
              ],
              [
                35.090332,
                -23.332168
              ],
              [
                35.090332,
                -23.325872
              ],
              [
                35.094499,
                -23.32208
              ],
              [
                35.101318,
                -23.32208
              ],
              [
                35.101318,
                -23.327124
              ],
              [
                35.112305,
                -23.327124
              ],
              [
                35.112305,
                -23.342256
              ],
              [
                35.112305,
                -23.353003
              ],
              [
                35.112199,
                -23.35314
              ],
              [
                35.111947,
                -23.353767
              ],
              [
                35.111321,
                -23.35457
              ],
              [
                35.11107,
                -23.355142
              ],
              [
                35.110505,
                -23.355768
              ],
              [
                35.110131,
                -23.356451
              ]
            ]
          ],
          [
            [
              [
                35.128988,
                -23.337681
              ],
              [
                35.128784,
                -23.338192
              ],
              [
                35.128784,
                -23.337212
              ],
              [
                35.12922,
                -23.337212
              ],
              [
                35.128988,
                -23.337681
              ]
            ]
          ],
          [
            [
              [
                35.135011,
                -23.326526
              ],
              [
                35.134465,
                -23.327124
              ],
              [
                35.117798,
                -23.327124
              ],
              [
                35.117798,
                -23.317036
              ],
              [
                35.139771,
                -23.317036
              ],
              [
                35.161879,
                -23.317036
              ],
              [
                35.161558,
                -23.317142
              ],
              [
                35.160628,
                -23.317426
              ],
              [
                35.15988,
                -23.317653
              ],
              [
                35.159136,
                -23.317934
              ],
              [
                35.158453,
                -23.31793
              ],
              [
                35.157644,
                -23.318153
              ],
              [
                35.156836,
                -23.31838
              ],
              [
                35.155905,
                -23.31866
              ],
              [
                35.155283,
                -23.318948
              ],
              [
                35.154474,
                -23.319171
              ],
              [
                35.153791,
                -23.319452
              ],
              [
                35.152922,
                -23.319734
              ],
              [
                35.152113,
                -23.319963
              ],
              [
                35.15143,
                -23.320247
              ],
              [
                35.150621,
                -23.320236
              ],
              [
                35.149691,
                -23.320583
              ],
              [
                35.149004,
                -23.320804
              ],
              [
                35.148199,
                -23.321027
              ],
              [
                35.146894,
                -23.321252
              ],
              [
                35.146025,
                -23.321477
              ],
              [
                35.145403,
                -23.321761
              ],
              [
                35.144098,
                -23.321983
              ],
              [
                35.143289,
                -23.322206
              ],
              [
                35.142607,
                -23.322431
              ],
              [
                35.141798,
                -23.32266
              ],
              [
                35.141115,
                -23.322654
              ],
              [
                35.140306,
                -23.322936
              ],
              [
                35.139771,
                -23.323117
              ],
              [
                35.139623,
                -23.323167
              ],
              [
                35.138689,
                -23.323676
              ],
              [
                35.137758,
                -23.323901
              ],
              [
                35.137197,
                -23.324414
              ],
              [
                35.136575,
                -23.324695
              ],
              [
                35.136198,
                -23.325381
              ],
              [
                35.13545,
                -23.325833
              ],
              [
                35.135011,
                -23.326526
              ]
            ]
          ],
          [
            [
              [
                35.109975,
                -23.293368
              ],
              [
                35.109979,
                -23.292618
              ],
              [
                35.109983,
                -23.291816
              ],
              [
                35.109868,
                -23.290494
              ],
              [
                35.109872,
                -23.289807
              ],
              [
                35.109876,
                -23.289176
              ],
              [
                35.109883,
                -23.288367
              ],
              [
                35.109761,
                -23.287791
              ],
              [
                35.109765,
                -23.287108
              ],
              [
                35.109769,
                -23.286418
              ],
              [
                35.109777,
                -23.285615
              ],
              [
                35.109655,
                -23.285039
              ],
              [
                35.109658,
                -23.284415
              ],
              [
                35.109662,
                -23.283662
              ],
              [
                35.109487,
                -23.282396
              ],
              [
                35.109491,
                -23.281719
              ],
              [
                35.109494,
                -23.281194
              ],
              [
                35.109498,
                -23.280504
              ],
              [
                35.10938,
                -23.279874
              ],
              [
                35.109388,
                -23.278613
              ],
              [
                35.109204,
                -23.277975
              ],
              [
                35.10946,
                -23.276599
              ],
              [
                35.109464,
                -23.275968
              ],
              [
                35.109716,
                -23.275394
              ],
              [
                35.109967,
                -23.274818
              ],
              [
                35.110219,
                -23.274192
              ],
              [
                35.110784,
                -23.273393
              ],
              [
                35.111036,
                -23.272651
              ],
              [
                35.1116,
                -23.271908
              ],
              [
                35.111917,
                -23.270531
              ],
              [
                35.111928,
                -23.269216
              ],
              [
                35.111745,
                -23.268406
              ],
              [
                35.111257,
                -23.267654
              ],
              [
                35.110765,
                -23.266848
              ],
              [
                35.110621,
                -23.266581
              ],
              [
                35.110456,
                -23.266275
              ],
              [
                35.109964,
                -23.265694
              ],
              [
                35.109658,
                -23.264891
              ],
              [
                35.108983,
                -23.264254
              ],
              [
                35.108674,
                -23.26368
              ],
              [
                35.108121,
                -23.26293
              ],
              [
                35.107568,
                -23.262295
              ],
              [
                35.106767,
                -23.261544
              ],
              [
                35.105909,
                -23.260273
              ],
              [
                35.105416,
                -23.259467
              ],
              [
                35.104802,
                -23.258776
              ],
              [
                35.104497,
                -23.258084
              ],
              [
                35.104192,
                -23.257281
              ],
              [
                35.103948,
                -23.256588
              ],
              [
                35.103334,
                -23.255724
              ],
              [
                35.10278,
                -23.254632
              ],
              [
                35.102475,
                -23.253998
              ],
              [
                35.101922,
                -23.25319
              ],
              [
                35.101678,
                -23.252614
              ],
              [
                35.101434,
                -23.25204
              ],
              [
                35.101438,
                -23.251408
              ],
              [
                35.101132,
                -23.250775
              ],
              [
                35.100827,
                -23.250144
              ],
              [
                35.100522,
                -23.249335
              ],
              [
                35.099904,
                -23.248937
              ],
              [
                35.099599,
                -23.248181
              ],
              [
                35.099046,
                -23.247376
              ],
              [
                35.098493,
                -23.246739
              ],
              [
                35.098265,
                -23.246393
              ],
              [
                35.098001,
                -23.245992
              ],
              [
                35.097383,
                -23.245471
              ],
              [
                35.096833,
                -23.244666
              ],
              [
                35.09628,
                -23.243915
              ],
              [
                35.095723,
                -23.243282
              ],
              [
                35.09517,
                -23.242702
              ],
              [
                35.094556,
                -23.241952
              ],
              [
                35.094312,
                -23.24126
              ],
              [
                35.094006,
                -23.240745
              ],
              [
                35.093697,
                -23.240167
              ],
              [
                35.093083,
                -23.239587
              ],
              [
                35.092778,
                -23.239013
              ],
              [
                35.092221,
                -23.238435
              ],
              [
                35.091916,
                -23.23792
              ],
              [
                35.091054,
                -23.237163
              ],
              [
                35.090501,
                -23.236246
              ],
              [
                35.090332,
                -23.236054
              ],
              [
                35.089887,
                -23.235549
              ],
              [
                35.089269,
                -23.234975
              ],
              [
                35.088406,
                -23.234396
              ],
              [
                35.088097,
                -23.233871
              ],
              [
                35.087418,
                -23.233528
              ],
              [
                35.086926,
                -23.232835
              ],
              [
                35.086682,
                -23.232259
              ],
              [
                35.086442,
                -23.231397
              ],
              [
                35.087984,
                -23.221155
              ],
              [
                35.090332,
                -23.205561
              ],
              [
                35.091785,
                -23.195912
              ],
              [
                35.093122,
                -23.187035
              ],
              [
                35.093049,
                -23.186853
              ],
              [
                35.090332,
                -23.185793
              ],
              [
                35.085538,
                -23.183922
              ],
              [
                35.081766,
                -23.181865
              ],
              [
                35.088118,
                -23.170664
              ],
              [
                35.090332,
                -23.166759
              ],
              [
                35.093846,
                -23.160563
              ],
              [
                35.105303,
                -23.14036
              ],
              [
                35.113897,
                -23.125205
              ],
              [
                35.117798,
                -23.118327
              ],
              [
                35.125357,
                -23.104997
              ],
              [
                35.145264,
                -23.104997
              ],
              [
                35.145264,
                -23.099944
              ],
              [
                35.172729,
                -23.099944
              ],
              [
                35.172729,
                -23.125205
              ],
              [
                35.150757,
                -23.125205
              ],
              [
                35.150757,
                -23.14036
              ],
              [
                35.15625,
                -23.14036
              ],
              [
                35.15625,
                -23.130257
              ],
              [
                35.172729,
                -23.130257
              ],
              [
                35.189209,
                -23.130257
              ],
              [
                35.189209,
                -23.125205
              ],
              [
                35.183716,
                -23.125205
              ],
              [
                35.183716,
                -23.104997
              ],
              [
                35.211182,
                -23.104997
              ],
              [
                35.211182,
                -23.089838
              ],
              [
                35.216675,
                -23.089838
              ],
              [
                35.216675,
                -23.079732
              ],
              [
                35.200195,
                -23.079732
              ],
              [
                35.200195,
                -23.069624
              ],
              [
                35.183716,
                -23.069624
              ],
              [
                35.183716,
                -23.054462
              ],
              [
                35.161743,
                -23.054462
              ],
              [
                35.161743,
                -23.040835
              ],
              [
                35.165482,
                -23.034243
              ],
              [
                35.174083,
                -23.019076
              ],
              [
                35.183716,
                -23.00209
              ],
              [
                35.185552,
                -22.998852
              ],
              [
                35.194155,
                -22.983681
              ],
              [
                35.200195,
                -22.973031
              ],
              [
                35.205628,
                -22.963451
              ],
              [
                35.214233,
                -22.948277
              ],
              [
                35.216675,
                -22.948277
              ],
              [
                35.216675,
                -22.953335
              ],
              [
                35.233154,
                -22.953335
              ],
              [
                35.233154,
                -22.948277
              ],
              [
                35.222168,
                -22.948277
              ],
              [
                35.222168,
                -22.93816
              ],
              [
                35.219971,
                -22.93816
              ],
              [
                35.222168,
                -22.934285
              ],
              [
                35.228578,
                -22.922982
              ],
              [
                35.238648,
                -22.922982
              ],
              [
                35.238648,
                -22.933101
              ],
              [
                35.255127,
                -22.933101
              ],
              [
                35.255127,
                -22.922982
              ],
              [
                35.271606,
                -22.922982
              ],
              [
                35.288086,
                -22.922982
              ],
              [
                35.304565,
                -22.922982
              ],
              [
                35.326538,
                -22.922982
              ],
              [
                35.354004,
                -22.922982
              ],
              [
                35.354004,
                -22.93816
              ],
              [
                35.354004,
                -22.953335
              ],
              [
                35.359497,
                -22.953335
              ],
              [
                35.359497,
                -22.963451
              ],
              [
                35.370483,
                -22.963451
              ],
              [
                35.370483,
                -22.968509
              ],
              [
                35.359497,
                -22.968509
              ],
              [
                35.359497,
                -22.983681
              ],
              [
                35.359497,
                -22.998852
              ],
              [
                35.36499,
                -22.998852
              ],
              [
                35.36499,
                -23.01402
              ],
              [
                35.38147,
                -23.01402
              ],
              [
                35.403442,
                -23.01402
              ],
              [
                35.403442,
                -22.998852
              ],
              [
                35.386963,
                -22.998852
              ],
              [
                35.375977,
                -22.998852
              ],
              [
                35.375977,
                -22.983681
              ],
              [
                35.38147,
                -22.983681
              ],
              [
                35.38147,
                -22.953335
              ],
              [
                35.375977,
                -22.953335
              ],
              [
                35.375977,
                -22.948277
              ],
              [
                35.359497,
                -22.948277
              ],
              [
                35.359497,
                -22.922982
              ],
              [
                35.375977,
                -22.922982
              ],
              [
                35.397949,
                -22.922982
              ],
              [
                35.425415,
                -22.922982
              ],
              [
                35.425415,
                -22.948277
              ],
              [
                35.430908,
                -22.948277
              ],
              [
                35.430908,
                -22.943218
              ],
              [
                35.447388,
                -22.943218
              ],
              [
                35.447388,
                -22.948277
              ],
              [
                35.46936,
                -22.948277
              ],
              [
                35.46936,
                -22.968509
              ],
              [
                35.447388,
                -22.968509
              ],
              [
                35.430908,
                -22.968509
              ],
              [
                35.430908,
                -22.973567
              ],
              [
                35.397949,
                -22.973567
              ],
              [
                35.397949,
                -22.983681
              ],
              [
                35.403442,
                -22.983681
              ],
              [
                35.403442,
                -22.988738
              ],
              [
                35.419922,
                -22.988738
              ],
              [
                35.419922,
                -23.01402
              ],
              [
                35.432428,
                -23.01402
              ],
              [
                35.428286,
                -23.019076
              ],
              [
                35.420002,
                -23.029187
              ],
              [
                35.419922,
                -23.029187
              ],
              [
                35.419922,
                -23.029285
              ],
              [
                35.403442,
                -23.049398
              ],
              [
                35.403435,
                -23.049407
              ],
              [
                35.397949,
                -23.049407
              ],
              [
                35.397949,
                -23.056103
              ],
              [
                35.395152,
                -23.059516
              ],
              [
                35.38147,
                -23.059516
              ],
              [
                35.38147,
                -23.049407
              ],
              [
                35.38147,
                -23.044353
              ],
              [
                35.36499,
                -23.044353
              ],
              [
                35.36499,
                -23.054462
              ],
              [
                35.354004,
                -23.054462
              ],
              [
                35.354004,
                -23.06457
              ],
              [
                35.332031,
                -23.06457
              ],
              [
                35.332031,
                -23.069624
              ],
              [
                35.310059,
                -23.069624
              ],
              [
                35.282593,
                -23.069624
              ],
              [
                35.282593,
                -23.074678
              ],
              [
                35.288086,
                -23.074678
              ],
              [
                35.288086,
                -23.084785
              ],
              [
                35.310059,
                -23.084785
              ],
              [
                35.310059,
                -23.089838
              ],
              [
                35.321045,
                -23.089838
              ],
              [
                35.337524,
                -23.089838
              ],
              [
                35.348511,
                -23.089838
              ],
              [
                35.36499,
                -23.089838
              ],
              [
                35.370309,
                -23.089838
              ],
              [
                35.36499,
                -23.09633
              ],
              [
                35.357889,
                -23.104997
              ],
              [
                35.345471,
                -23.120154
              ],
              [
                35.337524,
                -23.120154
              ],
              [
                35.321045,
                -23.120154
              ],
              [
                35.321045,
                -23.125205
              ],
              [
                35.326538,
                -23.125205
              ],
              [
                35.326538,
                -23.14036
              ],
              [
                35.315552,
                -23.14036
              ],
              [
                35.299072,
                -23.14036
              ],
              [
                35.299072,
                -23.145411
              ],
              [
                35.315552,
                -23.145411
              ],
              [
                35.315552,
                -23.150462
              ],
              [
                35.320638,
                -23.150462
              ],
              [
                35.315552,
                -23.15667
              ],
              [
                35.312362,
                -23.160563
              ],
              [
                35.299949,
                -23.175714
              ],
              [
                35.299072,
                -23.176783
              ],
              [
                35.2834,
                -23.195912
              ],
              [
                35.282593,
                -23.196897
              ],
              [
                35.282593,
                -23.195912
              ],
              [
                35.271606,
                -23.195912
              ],
              [
                35.271606,
                -23.200961
              ],
              [
                35.266113,
                -23.200961
              ],
              [
                35.266113,
                -23.195912
              ],
              [
                35.255127,
                -23.195912
              ],
              [
                35.255127,
                -23.190863
              ],
              [
                35.233154,
                -23.190863
              ],
              [
                35.233154,
                -23.175714
              ],
              [
                35.227661,
                -23.175714
              ],
              [
                35.227661,
                -23.160563
              ],
              [
                35.249634,
                -23.160563
              ],
              [
                35.249634,
                -23.150462
              ],
              [
                35.233154,
                -23.150462
              ],
              [
                35.233154,
                -23.14036
              ],
              [
                35.222168,
                -23.14036
              ],
              [
                35.222168,
                -23.160563
              ],
              [
                35.222168,
                -23.175714
              ],
              [
                35.222168,
                -23.190863
              ],
              [
                35.205689,
                -23.190863
              ],
              [
                35.205689,
                -23.195912
              ],
              [
                35.211182,
                -23.195912
              ],
              [
                35.211182,
                -23.211058
              ],
              [
                35.216675,
                -23.211058
              ],
              [
                35.216675,
                -23.231251
              ],
              [
                35.222168,
                -23.231251
              ],
              [
                35.222168,
                -23.211058
              ],
              [
                35.222168,
                -23.195912
              ],
              [
                35.244141,
                -23.195912
              ],
              [
                35.244141,
                -23.211058
              ],
              [
                35.249634,
                -23.211058
              ],
              [
                35.266113,
                -23.211058
              ],
              [
                35.27099,
                -23.211058
              ],
              [
                35.266113,
                -23.21701
              ],
              [
                35.258581,
                -23.226203
              ],
              [
                35.249634,
                -23.226203
              ],
              [
                35.233154,
                -23.226203
              ],
              [
                35.233154,
                -23.231251
              ],
              [
                35.249634,
                -23.231251
              ],
              [
                35.254445,
                -23.231251
              ],
              [
                35.249634,
                -23.237124
              ],
              [
                35.242039,
                -23.246393
              ],
              [
                35.227661,
                -23.263942
              ],
              [
                35.227661,
                -23.246393
              ],
              [
                35.222168,
                -23.246393
              ],
              [
                35.216675,
                -23.246393
              ],
              [
                35.216675,
                -23.266581
              ],
              [
                35.189209,
                -23.266581
              ],
              [
                35.189209,
                -23.246393
              ],
              [
                35.172729,
                -23.246393
              ],
              [
                35.172729,
                -23.256487
              ],
              [
                35.15625,
                -23.256487
              ],
              [
                35.139771,
                -23.256487
              ],
              [
                35.139771,
                -23.246393
              ],
              [
                35.123291,
                -23.246393
              ],
              [
                35.123291,
                -23.266581
              ],
              [
                35.117798,
                -23.266581
              ],
              [
                35.117798,
                -23.271627
              ],
              [
                35.139771,
                -23.271627
              ],
              [
                35.167236,
                -23.271627
              ],
              [
                35.194702,
                -23.271627
              ],
              [
                35.194702,
                -23.286765
              ],
              [
                35.167236,
                -23.286765
              ],
              [
                35.139771,
                -23.286765
              ],
              [
                35.139771,
                -23.301901
              ],
              [
                35.117798,
                -23.301901
              ],
              [
                35.113538,
                -23.301901
              ],
              [
                35.111936,
                -23.298212
              ],
              [
                35.110459,
                -23.294859
              ],
              [
                35.109967,
                -23.294167
              ],
              [
                35.109975,
                -23.293368
              ]
            ],
            [
              [
                35.194702,
                -23.246393
              ],
              [
                35.194702,
                -23.231251
              ],
              [
                35.189209,
                -23.231251
              ],
              [
                35.189209,
                -23.246393
              ],
              [
                35.194702,
                -23.246393
              ]
            ],
            [
              [
                35.255127,
                -22.948277
              ],
              [
                35.255127,
                -22.953335
              ],
              [
                35.271606,
                -22.953335
              ],
              [
                35.271606,
                -22.948277
              ],
              [
                35.255127,
                -22.948277
              ]
            ],
            [
              [
                35.282593,
                -23.024132
              ],
              [
                35.310059,
                -23.024132
              ],
              [
                35.337524,
                -23.024132
              ],
              [
                35.337524,
                -23.019076
              ],
              [
                35.337524,
                -23.01402
              ],
              [
                35.321045,
                -23.01402
              ],
              [
                35.310059,
                -23.01402
              ],
              [
                35.293579,
                -23.01402
              ],
              [
                35.293579,
                -23.019076
              ],
              [
                35.282593,
                -23.019076
              ],
              [
                35.282593,
                -23.024132
              ]
            ],
            [
              [
                35.266113,
                -23.079732
              ],
              [
                35.266113,
                -23.074678
              ],
              [
                35.255127,
                -23.074678
              ],
              [
                35.233154,
                -23.074678
              ],
              [
                35.233154,
                -23.089838
              ],
              [
                35.255127,
                -23.089838
              ],
              [
                35.282593,
                -23.089838
              ],
              [
                35.282593,
                -23.084785
              ],
              [
                35.282593,
                -23.079732
              ],
              [
                35.266113,
                -23.079732
              ]
            ],
            [
              [
                35.266113,
                -23.120154
              ],
              [
                35.255127,
                -23.120154
              ],
              [
                35.255127,
                -23.125205
              ],
              [
                35.249634,
                -23.125205
              ],
              [
                35.249634,
                -23.135309
              ],
              [
                35.266113,
                -23.135309
              ],
              [
                35.282593,
                -23.135309
              ],
              [
                35.282593,
                -23.125205
              ],
              [
                35.310059,
                -23.125205
              ],
              [
                35.310059,
                -23.120154
              ],
              [
                35.293579,
                -23.120154
              ],
              [
                35.282593,
                -23.120154
              ],
              [
                35.266113,
                -23.120154
              ]
            ],
            [
              [
                35.172729,
                -23.241346
              ],
              [
                35.172729,
                -23.231251
              ],
              [
                35.183716,
                -23.231251
              ],
              [
                35.183716,
                -23.226203
              ],
              [
                35.167236,
                -23.226203
              ],
              [
                35.15625,
                -23.226203
              ],
              [
                35.15625,
                -23.231251
              ],
              [
                35.15625,
                -23.241346
              ],
              [
                35.172729,
                -23.241346
              ]
            ],
            [
              [
                35.123291,
                -23.125205
              ],
              [
                35.123291,
                -23.14036
              ],
              [
                35.123291,
                -23.160563
              ],
              [
                35.128784,
                -23.160563
              ],
              [
                35.128784,
                -23.14036
              ],
              [
                35.128784,
                -23.125205
              ],
              [
                35.123291,
                -23.125205
              ]
            ],
            [
              [
                35.255127,
                -22.983681
              ],
              [
                35.244141,
                -22.983681
              ],
              [
                35.233154,
                -22.983681
              ],
              [
                35.233154,
                -22.988738
              ],
              [
                35.255127,
                -22.988738
              ],
              [
                35.255127,
                -22.983681
              ]
            ],
            [
              [
                35.238648,
                -23.024132
              ],
              [
                35.255127,
                -23.024132
              ],
              [
                35.255127,
                -23.019076
              ],
              [
                35.233154,
                -23.019076
              ],
              [
                35.233154,
                -23.039298
              ],
              [
                35.238648,
                -23.039298
              ],
              [
                35.238648,
                -23.024132
              ]
            ],
            [
              [
                35.266113,
                -23.019076
              ],
              [
                35.266113,
                -23.01402
              ],
              [
                35.255127,
                -23.01402
              ],
              [
                35.255127,
                -23.019076
              ],
              [
                35.266113,
                -23.019076
              ]
            ],
            [
              [
                35.205689,
                -23.019076
              ],
              [
                35.205689,
                -23.034243
              ],
              [
                35.216675,
                -23.034243
              ],
              [
                35.216675,
                -23.019076
              ],
              [
                35.205689,
                -23.019076
              ]
            ],
            [
              [
                35.255127,
                -23.160563
              ],
              [
                35.255127,
                -23.175714
              ],
              [
                35.266113,
                -23.175714
              ],
              [
                35.266113,
                -23.160563
              ],
              [
                35.255127,
                -23.160563
              ]
            ],
            [
              [
                35.304565,
                -22.948277
              ],
              [
                35.288086,
                -22.948277
              ],
              [
                35.288086,
                -22.953335
              ],
              [
                35.304565,
                -22.953335
              ],
              [
                35.304565,
                -22.948277
              ]
            ],
            [
              [
                35.321045,
                -22.998852
              ],
              [
                35.337524,
                -22.998852
              ],
              [
                35.343018,
                -22.998852
              ],
              [
                35.343018,
                -22.983681
              ],
              [
                35.326538,
                -22.983681
              ],
              [
                35.321045,
                -22.983681
              ],
              [
                35.321045,
                -22.998852
              ]
            ]
          ],
          [
            [
              [
                35.145264,
                -23.069895
              ],
              [
                35.145264,
                -23.074678
              ],
              [
                35.142551,
                -23.074678
              ],
              [
                35.145264,
                -23.069895
              ]
            ]
          ],
          [
            [
              [
                35.211182,
                -23.271627
              ],
              [
                35.221364,
                -23.271627
              ],
              [
                35.211182,
                -23.284055
              ],
              [
                35.211182,
                -23.271627
              ]
            ]
          ],
          [
            [
              [
                35.222168,
                -23.266581
              ],
              [
                35.225499,
                -23.266581
              ],
              [
                35.222168,
                -23.270646
              ],
              [
                35.222168,
                -23.266581
              ]
            ]
          ],
          [
            [
              [
                35.167236,
                -23.059516
              ],
              [
                35.167236,
                -23.074678
              ],
              [
                35.150757,
                -23.074678
              ],
              [
                35.150757,
                -23.060208
              ],
              [
                35.151149,
                -23.059516
              ],
              [
                35.167236,
                -23.059516
              ]
            ]
          ],
          [
            [
              [
                35.255127,
                -22.907803
              ],
              [
                35.237186,
                -22.907803
              ],
              [
                35.254404,
                -22.877441
              ],
              [
                35.255127,
                -22.876166
              ],
              [
                35.271606,
                -22.847107
              ],
              [
                35.271627,
                -22.847071
              ],
              [
                35.288086,
                -22.847071
              ],
              [
                35.304565,
                -22.847071
              ],
              [
                35.326538,
                -22.847071
              ],
              [
                35.343018,
                -22.847071
              ],
              [
                35.359497,
                -22.847071
              ],
              [
                35.375977,
                -22.847071
              ],
              [
                35.397949,
                -22.847071
              ],
              [
                35.408936,
                -22.847071
              ],
              [
                35.425415,
                -22.847071
              ],
              [
                35.441894,
                -22.847071
              ],
              [
                35.458374,
                -22.847071
              ],
              [
                35.474854,
                -22.847071
              ],
              [
                35.491333,
                -22.847071
              ],
              [
                35.507813,
                -22.847071
              ],
              [
                35.523177,
                -22.847071
              ],
              [
                35.523273,
                -22.848551
              ],
              [
                35.523811,
                -22.851143
              ],
              [
                35.523696,
                -22.851152
              ],
              [
                35.523986,
                -22.852205
              ],
              [
                35.524227,
                -22.853008
              ],
              [
                35.524292,
                -22.853155
              ],
              [
                35.524292,
                -22.862256
              ],
              [
                35.507813,
                -22.862256
              ],
              [
                35.507813,
                -22.877441
              ],
              [
                35.513306,
                -22.877441
              ],
              [
                35.513306,
                -22.892623
              ],
              [
                35.513306,
                -22.912863
              ],
              [
                35.513306,
                -22.915309
              ],
              [
                35.502873,
                -22.928042
              ],
              [
                35.491333,
                -22.942127
              ],
              [
                35.491333,
                -22.928042
              ],
              [
                35.48584,
                -22.928042
              ],
              [
                35.48584,
                -22.912863
              ],
              [
                35.491333,
                -22.912863
              ],
              [
                35.491333,
                -22.892623
              ],
              [
                35.48584,
                -22.892623
              ],
              [
                35.463867,
                -22.892623
              ],
              [
                35.463867,
                -22.877441
              ],
              [
                35.458374,
                -22.877441
              ],
              [
                35.441894,
                -22.877441
              ],
              [
                35.425415,
                -22.877441
              ],
              [
                35.425415,
                -22.862256
              ],
              [
                35.408936,
                -22.862256
              ],
              [
                35.397949,
                -22.862256
              ],
              [
                35.397949,
                -22.872379
              ],
              [
                35.403442,
                -22.872379
              ],
              [
                35.403442,
                -22.877441
              ],
              [
                35.419922,
                -22.877441
              ],
              [
                35.419922,
                -22.882501
              ],
              [
                35.447388,
                -22.882501
              ],
              [
                35.447388,
                -22.912863
              ],
              [
                35.452881,
                -22.912863
              ],
              [
                35.46936,
                -22.912863
              ],
              [
                35.46936,
                -22.93816
              ],
              [
                35.452881,
                -22.93816
              ],
              [
                35.436401,
                -22.93816
              ],
              [
                35.436401,
                -22.912863
              ],
              [
                35.419922,
                -22.912863
              ],
              [
                35.419922,
                -22.907803
              ],
              [
                35.397949,
                -22.907803
              ],
              [
                35.38147,
                -22.907803
              ],
              [
                35.38147,
                -22.877441
              ],
              [
                35.375977,
                -22.877441
              ],
              [
                35.359497,
                -22.877441
              ],
              [
                35.359497,
                -22.882501
              ],
              [
                35.370483,
                -22.882501
              ],
              [
                35.370483,
                -22.902743
              ],
              [
                35.359497,
                -22.902743
              ],
              [
                35.359497,
                -22.907803
              ],
              [
                35.343018,
                -22.907803
              ],
              [
                35.326538,
                -22.907803
              ],
              [
                35.304565,
                -22.907803
              ],
              [
                35.288086,
                -22.907803
              ],
              [
                35.271606,
                -22.907803
              ],
              [
                35.255127,
                -22.907803
              ]
            ],
            [
              [
                35.359497,
                -22.872379
              ],
              [
                35.343018,
                -22.872379
              ],
              [
                35.343018,
                -22.877441
              ],
              [
                35.359497,
                -22.877441
              ],
              [
                35.359497,
                -22.872379
              ]
            ],
            [
              [
                35.288086,
                -22.862256
              ],
              [
                35.271606,
                -22.862256
              ],
              [
                35.271606,
                -22.877441
              ],
              [
                35.288086,
                -22.877441
              ],
              [
                35.288086,
                -22.862256
              ]
            ]
          ],
          [
            [
              [
                35.332031,
                -22.801503
              ],
              [
                35.332031,
                -22.806567
              ],
              [
                35.359497,
                -22.806567
              ],
              [
                35.359497,
                -22.82682
              ],
              [
                35.36499,
                -22.82682
              ],
              [
                35.36499,
                -22.831883
              ],
              [
                35.359497,
                -22.831883
              ],
              [
                35.354004,
                -22.831883
              ],
              [
                35.332031,
                -22.831883
              ],
              [
                35.332031,
                -22.821757
              ],
              [
                35.304565,
                -22.821757
              ],
              [
                35.304565,
                -22.816694
              ],
              [
                35.288854,
                -22.816694
              ],
              [
                35.29987,
                -22.797267
              ],
              [
                35.304565,
                -22.797278
              ],
              [
                35.304565,
                -22.801503
              ],
              [
                35.332031,
                -22.801503
              ]
            ]
          ],
          [
            [
              [
                35.333927,
                -22.784026
              ],
              [
                35.333682,
                -22.783452
              ],
              [
                35.333442,
                -22.782703
              ],
              [
                35.333263,
                -22.781892
              ],
              [
                35.333023,
                -22.78115
              ],
              [
                35.332847,
                -22.780345
              ],
              [
                35.332607,
                -22.77959
              ],
              [
                35.33224,
                -22.778846
              ],
              [
                35.33213,
                -22.777643
              ],
              [
                35.332073,
                -22.77684
              ],
              [
                35.33208,
                -22.776181
              ],
              [
                35.33208,
                -22.776149
              ],
              [
                35.331966,
                -22.775289
              ],
              [
                35.331916,
                -22.774024
              ],
              [
                35.33192,
                -22.773334
              ],
              [
                35.331989,
                -22.772701
              ],
              [
                35.332183,
                -22.771841
              ],
              [
                35.332313,
                -22.77104
              ],
              [
                35.332328,
                -22.769781
              ],
              [
                35.332393,
                -22.769207
              ],
              [
                35.332401,
                -22.768402
              ],
              [
                35.332408,
                -22.767771
              ],
              [
                35.332538,
                -22.7672
              ],
              [
                35.332427,
                -22.765879
              ],
              [
                35.332183,
                -22.765242
              ],
              [
                35.331943,
                -22.764553
              ],
              [
                35.33189,
                -22.763805
              ],
              [
                35.331649,
                -22.762941
              ],
              [
                35.331409,
                -22.762308
              ],
              [
                35.330921,
                -22.761503
              ],
              [
                35.330303,
                -22.76121
              ],
              [
                35.330157,
                -22.760986
              ],
              [
                35.329814,
                -22.760458
              ],
              [
                35.329078,
                -22.759937
              ],
              [
                35.328838,
                -22.759363
              ],
              [
                35.328353,
                -22.758038
              ],
              [
                35.3283,
                -22.75729
              ],
              [
                35.328369,
                -22.756548
              ],
              [
                35.328498,
                -22.755684
              ],
              [
                35.328506,
                -22.754998
              ],
              [
                35.328636,
                -22.754246
              ],
              [
                35.32896,
                -22.752879
              ],
              [
                35.328967,
                -22.75202
              ],
              [
                35.329284,
                -22.751271
              ],
              [
                35.329418,
                -22.75047
              ],
              [
                35.329669,
                -22.749779
              ],
              [
                35.32986,
                -22.749213
              ],
              [
                35.330116,
                -22.748406
              ],
              [
                35.330306,
                -22.74783
              ],
              [
                35.330623,
                -22.747035
              ],
              [
                35.331245,
                -22.746638
              ],
              [
                35.331562,
                -22.745892
              ],
              [
                35.331614,
                -22.745789
              ],
              [
                35.331878,
                -22.745265
              ],
              [
                35.332439,
                -22.744752
              ],
              [
                35.332695,
                -22.744124
              ],
              [
                35.333007,
                -22.743493
              ],
              [
                35.333576,
                -22.742637
              ],
              [
                35.334075,
                -22.742068
              ],
              [
                35.334392,
                -22.741212
              ],
              [
                35.334892,
                -22.740468
              ],
              [
                35.335147,
                -22.739728
              ],
              [
                35.335403,
                -22.739156
              ],
              [
                35.337524,
                -22.731235
              ],
              [
                35.337524,
                -22.745789
              ],
              [
                35.337524,
                -22.755921
              ],
              [
                35.354004,
                -22.755921
              ],
              [
                35.370483,
                -22.755921
              ],
              [
                35.386963,
                -22.755921
              ],
              [
                35.403442,
                -22.755921
              ],
              [
                35.436401,
                -22.755921
              ],
              [
                35.452881,
                -22.755921
              ],
              [
                35.46936,
                -22.755921
              ],
              [
                35.46936,
                -22.750855
              ],
              [
                35.48584,
                -22.750855
              ],
              [
                35.48584,
                -22.740723
              ],
              [
                35.507813,
                -22.740723
              ],
              [
                35.507813,
                -22.771117
              ],
              [
                35.48584,
                -22.771117
              ],
              [
                35.46936,
                -22.771117
              ],
              [
                35.452881,
                -22.771117
              ],
              [
                35.436401,
                -22.771117
              ],
              [
                35.403442,
                -22.771117
              ],
              [
                35.386963,
                -22.771117
              ],
              [
                35.370483,
                -22.771117
              ],
              [
                35.370483,
                -22.776181
              ],
              [
                35.359497,
                -22.776181
              ],
              [
                35.359497,
                -22.786311
              ],
              [
                35.334777,
                -22.786311
              ],
              [
                35.334709,
                -22.786099
              ],
              [
                35.334285,
                -22.785348
              ],
              [
                35.334167,
                -22.7846
              ],
              [
                35.333927,
                -22.784026
              ]
            ]
          ],
          [
            [
              [
                35.354004,
                -22.710323
              ],
              [
                35.354004,
                -22.720457
              ],
              [
                35.343018,
                -22.720457
              ],
              [
                35.343018,
                -22.719711
              ],
              [
                35.348921,
                -22.710323
              ],
              [
                35.354004,
                -22.710323
              ]
            ]
          ],
          [
            [
              [
                35.375977,
                -22.71539
              ],
              [
                35.370483,
                -22.71539
              ],
              [
                35.370483,
                -22.710323
              ],
              [
                35.375977,
                -22.710323
              ],
              [
                35.375977,
                -22.71539
              ]
            ]
          ],
          [
            [
              [
                35.392456,
                -22.71539
              ],
              [
                35.386963,
                -22.71539
              ],
              [
                35.386963,
                -22.710323
              ],
              [
                35.392456,
                -22.710323
              ],
              [
                35.392456,
                -22.71539
              ]
            ]
          ],
          [
            [
              [
                35.430908,
                -22.998852
              ],
              [
                35.425415,
                -22.998852
              ],
              [
                35.425415,
                -22.993795
              ],
              [
                35.430908,
                -22.993795
              ],
              [
                35.430908,
                -22.998852
              ]
            ]
          ],
          [
            [
              [
                35.474854,
                -22.948277
              ],
              [
                35.486294,
                -22.948277
              ],
              [
                35.474854,
                -22.96224
              ],
              [
                35.474854,
                -22.948277
              ]
            ]
          ],
          [
            [
              [
                35.513306,
                -22.82682
              ],
              [
                35.507813,
                -22.82682
              ],
              [
                35.507813,
                -22.816694
              ],
              [
                35.513306,
                -22.816694
              ],
              [
                35.513306,
                -22.82682
              ]
            ]
          ],
          [
            [
              [
                35.491333,
                -22.816694
              ],
              [
                35.480347,
                -22.816694
              ],
              [
                35.480347,
                -22.801503
              ],
              [
                35.491333,
                -22.801503
              ],
              [
                35.491333,
                -22.816694
              ]
            ]
          ],
          [
            [
              [
                35.48584,
                -22.725524
              ],
              [
                35.48584,
                -22.710323
              ],
              [
                35.496826,
                -22.710323
              ],
              [
                35.496826,
                -22.725524
              ],
              [
                35.48584,
                -22.725524
              ]
            ]
          ],
          [
            [
              [
                35.436401,
                -22.720457
              ],
              [
                35.430908,
                -22.720457
              ],
              [
                35.430908,
                -22.71539
              ],
              [
                35.436401,
                -22.71539
              ],
              [
                35.436401,
                -22.720457
              ]
            ]
          ],
          [
            [
              [
                35.463867,
                -22.720457
              ],
              [
                35.458374,
                -22.720457
              ],
              [
                35.458374,
                -22.710323
              ],
              [
                35.463867,
                -22.710323
              ],
              [
                35.463867,
                -22.720457
              ]
            ]
          ],
          [
            [
              [
                35.491333,
                -22.69512
              ],
              [
                35.474854,
                -22.69512
              ],
              [
                35.474854,
                -22.690052
              ],
              [
                35.491333,
                -22.690052
              ],
              [
                35.491333,
                -22.69512
              ]
            ]
          ],
          [
            [
              [
                35.430908,
                -22.690052
              ],
              [
                35.430908,
                -22.684984
              ],
              [
                35.447388,
                -22.684984
              ],
              [
                35.447388,
                -22.690052
              ],
              [
                35.430908,
                -22.690052
              ]
            ]
          ],
          [
            [
              [
                35.47476,
                -22.639363
              ],
              [
                35.496826,
                -22.639363
              ],
              [
                35.496826,
                -22.649502
              ],
              [
                35.466215,
                -22.649502
              ],
              [
                35.469195,
                -22.647848
              ],
              [
                35.472632,
                -22.64363
              ],
              [
                35.472884,
                -22.642827
              ],
              [
                35.473384,
                -22.642079
              ],
              [
                35.473636,
                -22.641511
              ],
              [
                35.473891,
                -22.640767
              ],
              [
                35.474452,
                -22.640139
              ],
              [
                35.47476,
                -22.639363
              ]
            ]
          ]
        ]
      }
    },
    {
      "type": "Feature",
      "properties": {
        "projectId": 45975,
        "name": "Mozambique Floods, Chongoene03",
        "status": "PUBLISHED",
        "priority": "URGENT",
        "created": "2026-03-16T17:55:14.180000Z",
        "percentMapped": 1,
        "percentValidated": 0,
        "totalContributors": 0,
        "description": "Severe flooding in Mozambique has affected more than half a million people following heavy rains in the first weeks of the new year, according to the UN Office for the Coordination of Humanitarian Affairs (OCHA). The situation continues to worsen as floodwaters persist and dams keep releasing water to prevent structural failure, causing the number of affected people to rise steadily. Gaza province has been hit hardest, alongside Maputo and Sofala provinces. Around 90 percent of Mozambique\u2019s population lives in adobe homes, which can collapse after just a few days of heavy rain, leaving families exposed and displaced. \n\nHOT is working with [UNICEF](https://www.unicef.org/), [INGD](https://ingd.gov.mz/) (Mozambique Disaster Risk Management Institute) and [OSM Mozambique](https://wiki.openstreetmap.org/wiki/Mozambique) to prioritize a coordinated mapping response. Please contribute to this project to support the response and recovery operations of these organizations.",
        "url": "https://tasks.hotosm.org/projects/45975"
      },
      "geometry": {
        "type": "MultiPolygon",
        "coordinates": [
          [
            [
              [
                33.882096,
                -24.778922
              ],
              [
                33.946362,
                -24.878449
              ],
              [
                33.800182,
                -24.955385
              ],
              [
                33.808517,
                -25.006035
              ],
              [
                33.7036,
                -25.018075
              ],
              [
                33.703038,
                -25.017454
              ],
              [
                33.702363,
                -25.016808
              ],
              [
                33.702126,
                -25.016167
              ],
              [
                33.701318,
                -25.01581
              ],
              [
                33.700837,
                -25.01494
              ],
              [
                33.699963,
                -25.014574
              ],
              [
                33.699662,
                -25.013989
              ],
              [
                33.698983,
                -25.013458
              ],
              [
                33.698174,
                -25.013098
              ],
              [
                33.697629,
                -25.012341
              ],
              [
                33.696759,
                -25.011862
              ],
              [
                33.696019,
                -25.011215
              ],
              [
                33.695218,
                -25.010451
              ],
              [
                33.694604,
                -25.009926
              ],
              [
                33.693738,
                -25.00927
              ],
              [
                33.692807,
                -25.008734
              ],
              [
                33.692128,
                -25.008145
              ],
              [
                33.691441,
                -25.007904
              ],
              [
                33.690568,
                -25.007538
              ],
              [
                33.689889,
                -25.007004
              ],
              [
                33.689076,
                -25.006701
              ],
              [
                33.688138,
                -25.006443
              ],
              [
                33.687451,
                -25.006257
              ],
              [
                33.686631,
                -25.006243
              ],
              [
                33.685811,
                -25.006228
              ],
              [
                33.685181,
                -25.006213
              ],
              [
                33.684357,
                -25.006424
              ],
              [
                33.683468,
                -25.006636
              ],
              [
                33.682641,
                -25.006901
              ],
              [
                33.682114,
                -25.007636
              ],
              [
                33.681778,
                -25.008433
              ],
              [
                33.681511,
                -25.009007
              ],
              [
                33.681237,
                -25.009861
              ],
              [
                33.681199,
                -25.011235
              ],
              [
                33.681179,
                -25.011866
              ],
              [
                33.681282,
                -25.012728
              ],
              [
                33.681263,
                -25.013415
              ],
              [
                33.681244,
                -25.014164
              ],
              [
                33.68129,
                -25.014797
              ],
              [
                33.681271,
                -25.015478
              ],
              [
                33.681256,
                -25.016115
              ],
              [
                33.681172,
                -25.016743
              ],
              [
                33.681157,
                -25.017317
              ],
              [
                33.680062,
                -25.01827
              ],
              [
                33.679413,
                -25.018827
              ],
              [
                33.678585,
                -25.019098
              ],
              [
                33.677952,
                -25.019314
              ],
              [
                33.677006,
                -25.019295
              ],
              [
                33.676308,
                -25.019398
              ],
              [
                33.675614,
                -25.019378
              ],
              [
                33.67498,
                -25.019476
              ],
              [
                33.674038,
                -25.019459
              ],
              [
                33.673344,
                -25.019443
              ],
              [
                33.672077,
                -25.019644
              ],
              [
                33.67125,
                -25.019853
              ],
              [
                33.670361,
                -25.020065
              ],
              [
                33.669789,
                -25.020344
              ],
              [
                33.668892,
                -25.020777
              ],
              [
                33.668369,
                -25.021515
              ],
              [
                33.667778,
                -25.022304
              ],
              [
                33.667759,
                -25.022936
              ],
              [
                33.667744,
                -25.023569
              ],
              [
                33.667721,
                -25.024372
              ],
              [
                33.667622,
                -25.025745
              ],
              [
                33.667355,
                -25.026315
              ],
              [
                33.667336,
                -25.026943
              ],
              [
                33.667069,
                -25.027513
              ],
              [
                33.667046,
                -25.028316
              ],
              [
                33.66658,
                -25.029168
              ],
              [
                33.666309,
                -25.029964
              ],
              [
                33.665657,
                -25.030694
              ],
              [
                33.664761,
                -25.031131
              ],
              [
                33.663937,
                -25.031347
              ],
              [
                33.663116,
                -25.031327
              ],
              [
                33.66201,
                -25.031202
              ],
              [
                33.662266,
                -25.030568
              ],
              [
                33.662266,
                -25.029994
              ],
              [
                33.66227,
                -25.029422
              ],
              [
                33.662144,
                -25.028673
              ],
              [
                33.662022,
                -25.02787
              ],
              [
                33.66177,
                -25.027234
              ],
              [
                33.661522,
                -25.026494
              ],
              [
                33.661522,
                -25.025857
              ],
              [
                33.661274,
                -25.025281
              ],
              [
                33.661022,
                -25.024704
              ],
              [
                33.660774,
                -25.024131
              ],
              [
                33.66021,
                -25.023326
              ],
              [
                33.65958,
                -25.022977
              ],
              [
                33.659016,
                -25.02223
              ],
              [
                33.658199,
                -25.021705
              ],
              [
                33.657631,
                -25.021423
              ],
              [
                33.657005,
                -25.020961
              ],
              [
                33.656311,
                -25.02067
              ],
              [
                33.655746,
                -25.020036
              ],
              [
                33.655056,
                -25.0198
              ],
              [
                33.654491,
                -25.019233
              ],
              [
                33.65361,
                -25.018709
              ],
              [
                33.652981,
                -25.018247
              ],
              [
                33.65229,
                -25.017956
              ],
              [
                33.651977,
                -25.017383
              ],
              [
                33.651096,
                -25.016865
              ],
              [
                33.650722,
                -25.016292
              ],
              [
                33.649841,
                -25.015709
              ],
              [
                33.649276,
                -25.015017
              ],
              [
                33.64846,
                -25.014496
              ],
              [
                33.648391,
                -25.014393
              ],
              [
                33.646785,
                -25.013393
              ],
              [
                33.645351,
                -25.01265
              ],
              [
                33.644054,
                -25.012037
              ],
              [
                33.642753,
                -25.011053
              ],
              [
                33.641998,
                -25.009815
              ],
              [
                33.641853,
                -25.008389
              ],
              [
                33.642189,
                -25.006897
              ],
              [
                33.643066,
                -25.005837
              ],
              [
                33.644291,
                -25.005339
              ],
              [
                33.645584,
                -25.005267
              ],
              [
                33.648445,
                -25.005629
              ],
              [
                33.650764,
                -25.005862
              ],
              [
                33.652397,
                -25.006045
              ],
              [
                33.653896,
                -25.005848
              ],
              [
                33.655186,
                -25.005106
              ],
              [
                33.655586,
                -25.003674
              ],
              [
                33.655102,
                -25.002501
              ],
              [
                33.654732,
                -25.001938
              ],
              [
                33.655006,
                -25.00079
              ],
              [
                33.654003,
                -24.999598
              ],
              [
                33.652054,
                -24.997868
              ],
              [
                33.649776,
                -24.995486
              ],
              [
                33.6488,
                -24.991904
              ],
              [
                33.649128,
                -24.988769
              ],
              [
                33.649669,
                -24.985841
              ],
              [
                33.651512,
                -24.981294
              ],
              [
                33.651688,
                -24.980449
              ],
              [
                33.65163,
                -24.980211
              ],
              [
                33.651836,
                -24.979561
              ],
              [
                33.651401,
                -24.978044
              ],
              [
                33.64967,
                -24.976639
              ],
              [
                33.646202,
                -24.976311
              ],
              [
                33.6436,
                -24.977068
              ],
              [
                33.640026,
                -24.979995
              ],
              [
                33.636234,
                -24.983461
              ],
              [
                33.632549,
                -24.984975
              ],
              [
                33.626914,
                -24.985843
              ],
              [
                33.623229,
                -24.986491
              ],
              [
                33.623168,
                -24.986512
              ],
              [
                33.622688,
                -24.985952
              ],
              [
                33.622257,
                -24.984762
              ],
              [
                33.622581,
                -24.983676
              ],
              [
                33.62334,
                -24.982702
              ],
              [
                33.625507,
                -24.980426
              ],
              [
                33.626697,
                -24.979017
              ],
              [
                33.62778,
                -24.977283
              ],
              [
                33.628433,
                -24.971001
              ],
              [
                33.62854,
                -24.965044
              ],
              [
                33.629299,
                -24.962769
              ],
              [
                33.6306,
                -24.961142
              ],
              [
                33.632873,
                -24.959517
              ],
              [
                33.63829,
                -24.958216
              ],
              [
                33.642082,
                -24.956267
              ],
              [
                33.644035,
                -24.954751
              ],
              [
                33.64555,
                -24.95193
              ],
              [
                33.645721,
                -24.949157
              ],
              [
                33.645683,
                -24.948787
              ],
              [
                33.645733,
                -24.946285
              ],
              [
                33.64611,
                -24.944297
              ],
              [
                33.645985,
                -24.943317
              ],
              [
                33.646419,
                -24.94137
              ],
              [
                33.647392,
                -24.939636
              ],
              [
                33.649776,
                -24.936817
              ],
              [
                33.656601,
                -24.932159
              ],
              [
                33.662453,
                -24.929342
              ],
              [
                33.664296,
                -24.927826
              ],
              [
                33.665596,
                -24.926308
              ],
              [
                33.666138,
                -24.925227
              ],
              [
                33.667653,
                -24.922627
              ],
              [
                33.668305,
                -24.921
              ],
              [
                33.668087,
                -24.919699
              ],
              [
                33.667439,
                -24.919053
              ],
              [
                33.666138,
                -24.918507
              ],
              [
                33.663536,
                -24.918835
              ],
              [
                33.660828,
                -24.920893
              ],
              [
                33.655628,
                -24.925011
              ],
              [
                33.653679,
                -24.925444
              ],
              [
                33.651508,
                -24.925228
              ],
              [
                33.64967,
                -24.924467
              ],
              [
                33.646851,
                -24.921648
              ],
              [
                33.646091,
                -24.91916
              ],
              [
                33.646091,
                -24.917535
              ],
              [
                33.646851,
                -24.914826
              ],
              [
                33.648586,
                -24.911572
              ],
              [
                33.650425,
                -24.908977
              ],
              [
                33.651619,
                -24.907567
              ],
              [
                33.651943,
                -24.905832
              ],
              [
                33.651837,
                -24.904207
              ],
              [
                33.651688,
                -24.902727
              ],
              [
                33.651032,
                -24.901695
              ],
              [
                33.649803,
                -24.900892
              ],
              [
                33.64851,
                -24.90102
              ],
              [
                33.647564,
                -24.901769
              ],
              [
                33.64682,
                -24.903325
              ],
              [
                33.646633,
                -24.904071
              ],
              [
                33.646633,
                -24.905269
              ],
              [
                33.646553,
                -24.908185
              ],
              [
                33.646648,
                -24.908944
              ],
              [
                33.646469,
                -24.910462
              ],
              [
                33.645336,
                -24.912011
              ],
              [
                33.643169,
                -24.913745
              ],
              [
                33.636452,
                -24.91591
              ],
              [
                33.631466,
                -24.918292
              ],
              [
                33.629947,
                -24.920023
              ],
              [
                33.627891,
                -24.927935
              ],
              [
                33.627132,
                -24.936277
              ],
              [
                33.626914,
                -24.937362
              ],
              [
                33.626266,
                -24.937902
              ],
              [
                33.625614,
                -24.938009
              ],
              [
                33.624855,
                -24.937795
              ],
              [
                33.624099,
                -24.937143
              ],
              [
                33.623825,
                -24.936762
              ],
              [
                33.623878,
                -24.936273
              ],
              [
                33.623596,
                -24.935051
              ],
              [
                33.623466,
                -24.934307
              ],
              [
                33.623428,
                -24.933403
              ],
              [
                33.623207,
                -24.929865
              ],
              [
                33.622364,
                -24.92453
              ],
              [
                33.622535,
                -24.918263
              ],
              [
                33.623683,
                -24.910531
              ],
              [
                33.623786,
                -24.907899
              ],
              [
                33.623664,
                -24.907619
              ],
              [
                33.62334,
                -24.900793
              ],
              [
                33.622905,
                -24.898628
              ],
              [
                33.622039,
                -24.896789
              ],
              [
                33.620197,
                -24.895162
              ],
              [
                33.615863,
                -24.892345
              ],
              [
                33.614456,
                -24.890829
              ],
              [
                33.613803,
                -24.888552
              ],
              [
                33.61359,
                -24.886492
              ],
              [
                33.614318,
                -24.885695
              ],
              [
                33.614345,
                -24.88541
              ],
              [
                33.615756,
                -24.883784
              ],
              [
                33.617488,
                -24.881184
              ],
              [
                33.618572,
                -24.879342
              ],
              [
                33.618896,
                -24.87739
              ],
              [
                33.617595,
                -24.875765
              ],
              [
                33.615756,
                -24.87436
              ],
              [
                33.611064,
                -24.872117
              ],
              [
                33.611209,
                -24.871384
              ],
              [
                33.617633,
                -24.872226
              ],
              [
                33.617927,
                -24.872128
              ],
              [
                33.621566,
                -24.872931
              ],
              [
                33.631416,
                -24.874791
              ],
              [
                33.631679,
                -24.874795
              ],
              [
                33.631805,
                -24.874795
              ],
              [
                33.631969,
                -24.87477
              ],
              [
                33.632244,
                -24.87476
              ],
              [
                33.632419,
                -24.874737
              ],
              [
                33.632698,
                -24.874705
              ],
              [
                33.632824,
                -24.874703
              ],
              [
                33.632999,
                -24.874654
              ],
              [
                33.633125,
                -24.874612
              ],
              [
                33.633278,
                -24.874566
              ],
              [
                33.633415,
                -24.874566
              ],
              [
                33.633541,
                -24.874507
              ],
              [
                33.633705,
                -24.874465
              ],
              [
                33.633842,
                -24.874406
              ],
              [
                33.634083,
                -24.87431
              ],
              [
                33.634209,
                -24.874251
              ],
              [
                33.634361,
                -24.874186
              ],
              [
                33.634498,
                -24.874087
              ],
              [
                33.634663,
                -24.874028
              ],
              [
                33.634811,
                -24.873982
              ],
              [
                33.634952,
                -24.873877
              ],
              [
                33.635078,
                -24.873832
              ],
              [
                33.635216,
                -24.873709
              ],
              [
                33.635406,
                -24.873591
              ],
              [
                33.635544,
                -24.873492
              ],
              [
                33.635658,
                -24.873364
              ],
              [
                33.635796,
                -24.873256
              ],
              [
                33.635975,
                -24.873101
              ],
              [
                33.636097,
                -24.872996
              ],
              [
                33.63615,
                -24.872884
              ],
              [
                33.636276,
                -24.872815
              ],
              [
                33.636326,
                -24.87268
              ],
              [
                33.63644,
                -24.872521
              ],
              [
                33.636555,
                -24.872399
              ],
              [
                33.636604,
                -24.872228
              ],
              [
                33.636703,
                -24.872104
              ],
              [
                33.636757,
                -24.871928
              ],
              [
                33.636906,
                -24.871661
              ],
              [
                33.63702,
                -24.871394
              ],
              [
                33.63707,
                -24.871276
              ],
              [
                33.637123,
                -24.871114
              ],
              [
                33.637173,
                -24.870955
              ],
              [
                33.637173,
                -24.870807
              ],
              [
                33.637211,
                -24.870688
              ],
              [
                33.63726,
                -24.87054
              ],
              [
                33.63726,
                -24.870404
              ],
              [
                33.637314,
                -24.870255
              ],
              [
                33.637337,
                -24.870093
              ],
              [
                33.637363,
                -24.869939
              ],
              [
                33.637363,
                -24.869754
              ],
              [
                33.637363,
                -24.869609
              ],
              [
                33.637363,
                -24.86946
              ],
              [
                33.63734,
                -24.869199
              ],
              [
                33.637314,
                -24.86904
              ],
              [
                33.637291,
                -24.868882
              ],
              [
                33.637291,
                -24.86872
              ],
              [
                33.637188,
                -24.868463
              ],
              [
                33.637127,
                -24.8683
              ],
              [
                33.637077,
                -24.868188
              ],
              [
                33.637028,
                -24.868035
              ],
              [
                33.636963,
                -24.867923
              ],
              [
                33.636864,
                -24.867765
              ],
              [
                33.636814,
                -24.867633
              ],
              [
                33.636753,
                -24.86753
              ],
              [
                33.636639,
                -24.867377
              ],
              [
                33.636589,
                -24.867255
              ],
              [
                33.636539,
                -24.867139
              ],
              [
                33.636425,
                -24.866967
              ],
              [
                33.636364,
                -24.866855
              ],
              [
                33.636261,
                -24.866742
              ],
              [
                33.63615,
                -24.866611
              ],
              [
                33.636101,
                -24.866458
              ],
              [
                33.635975,
                -24.866382
              ],
              [
                33.63591,
                -24.866243
              ],
              [
                33.635811,
                -24.866094
              ],
              [
                33.635696,
                -24.865955
              ],
              [
                33.635647,
                -24.865806
              ],
              [
                33.635597,
                -24.865634
              ],
              [
                33.635536,
                -24.865359
              ],
              [
                33.635586,
                -24.865129
              ],
              [
                33.635586,
                -24.865016
              ],
              [
                33.635673,
                -24.864862
              ],
              [
                33.635826,
                -24.864591
              ],
              [
                33.635925,
                -24.86444
              ],
              [
                33.63604,
                -24.864291
              ],
              [
                33.640049,
                -24.861276
              ],
              [
                33.642006,
                -24.859804
              ],
              [
                33.658001,
                -24.847778
              ],
              [
                33.658165,
                -24.847813
              ],
              [
                33.658341,
                -24.847849
              ],
              [
                33.65849,
                -24.847847
              ],
              [
                33.658654,
                -24.847784
              ],
              [
                33.658806,
                -24.847778
              ],
              [
                33.659058,
                -24.847733
              ],
              [
                33.659195,
                -24.847687
              ],
              [
                33.659321,
                -24.847641
              ],
              [
                33.659459,
                -24.847595
              ],
              [
                33.659764,
                -24.847494
              ],
              [
                33.65989,
                -24.847448
              ],
              [
                33.660038,
                -24.847403
              ],
              [
                33.660191,
                -24.847344
              ],
              [
                33.660355,
                -24.847231
              ],
              [
                33.660519,
                -24.847183
              ],
              [
                33.660706,
                -24.847138
              ],
              [
                33.660847,
                -24.847038
              ],
              [
                33.661007,
                -24.846989
              ],
              [
                33.661133,
                -24.846943
              ],
              [
                33.661297,
                -24.846888
              ],
              [
                33.661461,
                -24.846829
              ],
              [
                33.661625,
                -24.846737
              ],
              [
                33.661801,
                -24.846682
              ],
              [
                33.661965,
                -24.84659
              ],
              [
                33.662118,
                -24.846531
              ],
              [
                33.662266,
                -24.846419
              ],
              [
                33.662419,
                -24.846327
              ],
              [
                33.66261,
                -24.846213
              ],
              [
                33.662758,
                -24.84609
              ],
              [
                33.662861,
                -24.845968
              ],
              [
                33.663048,
                -24.84589
              ],
              [
                33.663113,
                -24.845741
              ],
              [
                33.663251,
                -24.845673
              ],
              [
                33.663403,
                -24.845528
              ],
              [
                33.663567,
                -24.84535
              ],
              [
                33.663693,
                -24.845268
              ],
              [
                33.66383,
                -24.845146
              ],
              [
                33.663968,
                -24.844975
              ],
              [
                33.664094,
                -24.844906
              ],
              [
                33.664273,
                -24.844797
              ],
              [
                33.664345,
                -24.844652
              ],
              [
                33.664471,
                -24.844584
              ],
              [
                33.664635,
                -24.844492
              ],
              [
                33.664689,
                -24.844366
              ],
              [
                33.664864,
                -24.844275
              ],
              [
                33.664963,
                -24.844157
              ],
              [
                33.665105,
                -24.844084
              ],
              [
                33.66523,
                -24.843989
              ],
              [
                33.665368,
                -24.843893
              ],
              [
                33.665505,
                -24.843781
              ],
              [
                33.665681,
                -24.843653
              ],
              [
                33.66586,
                -24.843508
              ],
              [
                33.665986,
                -24.843413
              ],
              [
                33.666096,
                -24.843275
              ],
              [
                33.66626,
                -24.843209
              ],
              [
                33.666337,
                -24.843081
              ],
              [
                33.666451,
                -24.842999
              ],
              [
                33.666615,
                -24.842863
              ],
              [
                33.666741,
                -24.842749
              ],
              [
                33.666878,
                -24.842623
              ],
              [
                33.667042,
                -24.842472
              ],
              [
                33.667142,
                -24.842347
              ],
              [
                33.667306,
                -24.842255
              ],
              [
                33.667447,
                -24.842141
              ],
              [
                33.667584,
                -24.842015
              ],
              [
                33.667672,
                -24.841887
              ],
              [
                33.667824,
                -24.841811
              ],
              [
                33.667939,
                -24.841692
              ],
              [
                33.668076,
                -24.841561
              ],
              [
                33.668229,
                -24.841429
              ],
              [
                33.66829,
                -24.841294
              ],
              [
                33.668427,
                -24.841225
              ],
              [
                33.668481,
                -24.841067
              ],
              [
                33.668629,
                -24.840971
              ],
              [
                33.668683,
                -24.840826
              ],
              [
                33.668809,
                -24.840695
              ],
              [
                33.66887,
                -24.840582
              ],
              [
                33.668935,
                -24.840432
              ],
              [
                33.668996,
                -24.840306
              ],
              [
                33.669072,
                -24.840197
              ],
              [
                33.669137,
                -24.840052
              ],
              [
                33.669225,
                -24.839894
              ],
              [
                33.669286,
                -24.839749
              ],
              [
                33.669411,
                -24.839571
              ],
              [
                33.669411,
                -24.839455
              ],
              [
                33.669476,
                -24.83936
              ],
              [
                33.669537,
                -24.839192
              ],
              [
                33.669541,
                -24.839066
              ],
              [
                33.669591,
                -24.838894
              ],
              [
                33.669591,
                -24.838769
              ],
              [
                33.669652,
                -24.838627
              ],
              [
                33.669656,
                -24.838479
              ],
              [
                33.669705,
                -24.83833
              ],
              [
                33.669705,
                -24.838194
              ],
              [
                33.669766,
                -24.838057
              ],
              [
                33.669766,
                -24.837918
              ],
              [
                33.669831,
                -24.837796
              ],
              [
                33.669831,
                -24.837628
              ],
              [
                33.669896,
                -24.837489
              ],
              [
                33.669896,
                -24.837317
              ],
              [
                33.669946,
                -24.837172
              ],
              [
                33.669995,
                -24.837027
              ],
              [
                33.669995,
                -24.836875
              ],
              [
                33.670045,
                -24.836756
              ],
              [
                33.670121,
                -24.836621
              ],
              [
                33.670121,
                -24.83648
              ],
              [
                33.670174,
                -24.836331
              ],
              [
                33.670235,
                -24.836173
              ],
              [
                33.670285,
                -24.836047
              ],
              [
                33.67035,
                -24.835856
              ],
              [
                33.670399,
                -24.835704
              ],
              [
                33.670449,
                -24.835549
              ],
              [
                33.670453,
                -24.835414
              ],
              [
                33.670502,
                -24.835137
              ],
              [
                33.670564,
                -24.835025
              ],
              [
                33.670564,
                -24.834899
              ],
              [
                33.670564,
                -24.834771
              ],
              [
                33.670617,
                -24.834658
              ],
              [
                33.670617,
                -24.834437
              ],
              [
                33.670617,
                -24.834288
              ],
              [
                33.670667,
                -24.834163
              ],
              [
                33.670667,
                -24.833972
              ],
              [
                33.67072,
                -24.83384
              ],
              [
                33.67072,
                -24.833705
              ],
              [
                33.67072,
                -24.833556
              ],
              [
                33.67072,
                -24.83343
              ],
              [
                33.67072,
                -24.833312
              ],
              [
                33.670708,
                -24.833155
              ],
              [
                33.670708,
                -24.833024
              ],
              [
                33.670708,
                -24.832879
              ],
              [
                33.670655,
                -24.832726
              ],
              [
                33.670659,
                -24.832591
              ],
              [
                33.670659,
                -24.832463
              ],
              [
                33.670609,
                -24.832221
              ],
              [
                33.670556,
                -24.832063
              ],
              [
                33.670506,
                -24.831914
              ],
              [
                33.670506,
                -24.831792
              ],
              [
                33.670445,
                -24.831662
              ],
              [
                33.670445,
                -24.831508
              ],
              [
                33.670396,
                -24.831345
              ],
              [
                33.670396,
                -24.831233
              ],
              [
                33.670346,
                -24.83112
              ],
              [
                33.670281,
                -24.830995
              ],
              [
                33.67022,
                -24.830846
              ],
              [
                33.670171,
                -24.830625
              ],
              [
                33.670171,
                -24.83051
              ],
              [
                33.67011,
                -24.83034
              ],
              [
                33.67011,
                -24.830163
              ],
              [
                33.670083,
                -24.829925
              ],
              [
                33.670071,
                -24.829806
              ],
              [
                33.670071,
                -24.829671
              ],
              [
                33.670121,
                -24.829387
              ],
              [
                33.670121,
                -24.829251
              ],
              [
                33.670171,
                -24.829133
              ],
              [
                33.670171,
                -24.829007
              ],
              [
                33.670174,
                -24.828868
              ],
              [
                33.670224,
                -24.828717
              ],
              [
                33.670224,
                -24.828582
              ],
              [
                33.670274,
                -24.828433
              ],
              [
                33.670323,
                -24.828258
              ],
              [
                33.670377,
                -24.828103
              ],
              [
                33.670487,
                -24.827945
              ],
              [
                33.670552,
                -24.8278
              ],
              [
                33.670602,
                -24.827638
              ],
              [
                33.670716,
                -24.827493
              ],
              [
                33.670842,
                -24.827216
              ],
              [
                33.670918,
                -24.827088
              ],
              [
                33.670983,
                -24.826949
              ],
              [
                33.671056,
                -24.826818
              ],
              [
                33.671109,
                -24.826686
              ],
              [
                33.671159,
                -24.826574
              ],
              [
                33.67122,
                -24.826448
              ],
              [
                33.671273,
                -24.826293
              ],
              [
                33.671384,
                -24.826158
              ],
              [
                33.67146,
                -24.826026
              ],
              [
                33.671525,
                -24.825917
              ],
              [
                33.671525,
                -24.825792
              ],
              [
                33.671651,
                -24.825677
              ],
              [
                33.671712,
                -24.825559
              ],
              [
                33.671826,
                -24.825334
              ],
              [
                33.671891,
                -24.825206
              ],
              [
                33.672028,
                -24.825044
              ],
              [
                33.672078,
                -24.824922
              ],
              [
                33.672143,
                -24.824781
              ],
              [
                33.672257,
                -24.824672
              ],
              [
                33.672318,
                -24.82455
              ],
              [
                33.672444,
                -24.824472
              ],
              [
                33.672509,
                -24.824355
              ],
              [
                33.672646,
                -24.824174
              ],
              [
                33.672772,
                -24.824115
              ],
              [
                33.67286,
                -24.823964
              ],
              [
                33.672986,
                -24.823911
              ],
              [
                33.673089,
                -24.823797
              ],
              [
                33.673226,
                -24.823674
              ],
              [
                33.67339,
                -24.823533
              ],
              [
                33.673592,
                -24.823369
              ],
              [
                33.67373,
                -24.823234
              ],
              [
                33.673921,
                -24.823085
              ],
              [
                33.674096,
                -24.822934
              ],
              [
                33.67426,
                -24.822803
              ],
              [
                33.674447,
                -24.822648
              ],
              [
                33.6746,
                -24.82254
              ],
              [
                33.674764,
                -24.822385
              ],
              [
                33.674912,
                -24.822326
              ],
              [
                33.674989,
                -24.822212
              ],
              [
                33.675126,
                -24.822162
              ],
              [
                33.675229,
                -24.82204
              ],
              [
                33.675366,
                -24.821985
              ],
              [
                33.675492,
                -24.821895
              ],
              [
                33.675645,
                -24.821794
              ],
              [
                33.675782,
                -24.821672
              ],
              [
                33.675908,
                -24.821594
              ],
              [
                33.676099,
                -24.821502
              ],
              [
                33.676248,
                -24.821443
              ],
              [
                33.676438,
                -24.821344
              ],
              [
                33.676576,
                -24.821275
              ],
              [
                33.676713,
                -24.821229
              ],
              [
                33.676877,
                -24.82117
              ],
              [
                33.677041,
                -24.821115
              ],
              [
                33.677217,
                -24.821056
              ],
              [
                33.677342,
                -24.82101
              ],
              [
                33.67748,
                -24.82101
              ],
              [
                33.67767,
                -24.820962
              ],
              [
                33.677857,
                -24.820909
              ],
              [
                33.678021,
                -24.820907
              ],
              [
                33.678163,
                -24.820861
              ],
              [
                33.6783,
                -24.820861
              ],
              [
                33.678426,
                -24.820865
              ],
              [
                33.678575,
                -24.820806
              ],
              [
                33.678777,
                -24.820804
              ],
              [
                33.679017,
                -24.820758
              ],
              [
                33.679215,
                -24.820762
              ],
              [
                33.679395,
                -24.820756
              ],
              [
                33.679544,
                -24.82076
              ],
              [
                33.679669,
                -24.820774
              ],
              [
                33.679807,
                -24.820774
              ],
              [
                33.680123,
                -24.820775
              ],
              [
                33.68031,
                -24.820775
              ],
              [
                33.680451,
                -24.820819
              ],
              [
                33.6806,
                -24.820819
              ],
              [
                33.680764,
                -24.820823
              ],
              [
                33.680902,
                -24.820821
              ],
              [
                33.681066,
                -24.820821
              ],
              [
                33.681207,
                -24.820861
              ],
              [
                33.681344,
                -24.820856
              ],
              [
                33.68147,
                -24.820856
              ],
              [
                33.681607,
                -24.820856
              ],
              [
                33.681771,
                -24.820859
              ],
              [
                33.681935,
                -24.820867
              ],
              [
                33.682138,
                -24.820871
              ],
              [
                33.682347,
                -24.820869
              ],
              [
                33.682511,
                -24.820869
              ],
              [
                33.682664,
                -24.820873
              ],
              [
                33.682817,
                -24.820894
              ],
              [
                33.682977,
                -24.820894
              ],
              [
                33.683156,
                -24.820894
              ],
              [
                33.683293,
                -24.820892
              ],
              [
                33.683457,
                -24.820919
              ],
              [
                33.683622,
                -24.820919
              ],
              [
                33.683759,
                -24.820913
              ],
              [
                33.683923,
                -24.820917
              ],
              [
                33.684137,
                -24.820915
              ],
              [
                33.68435,
                -24.820919
              ],
              [
                33.684564,
                -24.820919
              ],
              [
                33.684739,
                -24.820953
              ],
              [
                33.684903,
                -24.820953
              ],
              [
                33.685178,
                -24.820951
              ],
              [
                33.685319,
                -24.820955
              ],
              [
                33.685479,
                -24.821001
              ],
              [
                33.68567,
                -24.820999
              ],
              [
                33.685834,
                -24.821002
              ],
              [
                33.685998,
                -24.821006
              ],
              [
                33.686147,
                -24.821001
              ],
              [
                33.686284,
                -24.821046
              ],
              [
                33.686475,
                -24.821054
              ],
              [
                33.686715,
                -24.821048
              ],
              [
                33.686853,
                -24.821092
              ],
              [
                33.687104,
                -24.821096
              ],
              [
                33.68728,
                -24.821153
              ],
              [
                33.687455,
                -24.821153
              ],
              [
                33.687608,
                -24.821193
              ],
              [
                33.687783,
                -24.821247
              ],
              [
                33.687997,
                -24.821245
              ],
              [
                33.688146,
                -24.821304
              ],
              [
                33.688375,
                -24.821298
              ],
              [
                33.688512,
                -24.821302
              ],
              [
                33.688813,
                -24.821283
              ],
              [
                33.689134,
                -24.821277
              ],
              [
                33.689832,
                -24.821432
              ],
              [
                33.691152,
                -24.821226
              ],
              [
                33.691972,
                -24.820772
              ],
              [
                33.692571,
                -24.819915
              ],
              [
                33.693334,
                -24.818657
              ],
              [
                33.693658,
                -24.817598
              ],
              [
                33.693925,
                -24.816992
              ],
              [
                33.693979,
                -24.816866
              ],
              [
                33.694116,
                -24.816747
              ],
              [
                33.694177,
                -24.816648
              ],
              [
                33.694303,
                -24.816511
              ],
              [
                33.694429,
                -24.816362
              ],
              [
                33.694597,
                -24.816211
              ],
              [
                33.694726,
                -24.81603
              ],
              [
                33.694833,
                -24.815927
              ],
              [
                33.694948,
                -24.815836
              ],
              [
                33.695085,
                -24.815763
              ],
              [
                33.695173,
                -24.815622
              ],
              [
                33.69526,
                -24.815576
              ],
              [
                33.695516,
                -24.815134
              ],
              [
                33.696283,
                -24.814575
              ],
              [
                33.697271,
                -24.814421
              ],
              [
                33.698263,
                -24.814367
              ],
              [
                33.69914,
                -24.813911
              ],
              [
                33.699575,
                -24.813408
              ],
              [
                33.700452,
                -24.813051
              ],
              [
                33.701772,
                -24.812841
              ],
              [
                33.702421,
                -24.812662
              ],
              [
                33.7026,
                -24.812616
              ],
              [
                33.702737,
                -24.812616
              ],
              [
                33.70289,
                -24.81257
              ],
              [
                33.70305,
                -24.812569
              ],
              [
                33.703214,
                -24.812536
              ],
              [
                33.703355,
                -24.812536
              ],
              [
                33.703504,
                -24.812527
              ],
              [
                33.703642,
                -24.812527
              ],
              [
                33.703817,
                -24.812525
              ],
              [
                33.703947,
                -24.812515
              ],
              [
                33.704069,
                -24.812515
              ],
              [
                33.704271,
                -24.812509
              ],
              [
                33.704511,
                -24.812517
              ],
              [
                33.704687,
                -24.812517
              ],
              [
                33.704824,
                -24.812525
              ],
              [
                33.705,
                -24.812529
              ],
              [
                33.705179,
                -24.81255
              ],
              [
                33.705442,
                -24.812553
              ],
              [
                33.705579,
                -24.81254
              ],
              [
                33.705717,
                -24.812534
              ],
              [
                33.705843,
                -24.812506
              ],
              [
                33.706007,
                -24.812506
              ],
              [
                33.706159,
                -24.812509
              ],
              [
                33.706422,
                -24.812494
              ],
              [
                33.706686,
                -24.812471
              ],
              [
                33.706876,
                -24.812439
              ],
              [
                33.707002,
                -24.812437
              ],
              [
                33.707166,
                -24.812424
              ],
              [
                33.707452,
                -24.812427
              ],
              [
                33.707632,
                -24.812462
              ],
              [
                33.708372,
                -24.81258
              ],
              [
                33.708761,
                -24.812569
              ],
              [
                33.709829,
                -24.812487
              ],
              [
                33.70997,
                -24.812437
              ],
              [
                33.710108,
                -24.812441
              ],
              [
                33.71026,
                -24.812395
              ],
              [
                33.710386,
                -24.812349
              ],
              [
                33.710523,
                -24.812353
              ],
              [
                33.710661,
                -24.812307
              ],
              [
                33.710787,
                -24.812248
              ],
              [
                33.710939,
                -24.812202
              ],
              [
                33.711214,
                -24.812147
              ],
              [
                33.711389,
                -24.812105
              ],
              [
                33.711542,
                -24.812056
              ],
              [
                33.711706,
                -24.81201
              ],
              [
                33.711843,
                -24.811945
              ],
              [
                33.711981,
                -24.811895
              ],
              [
                33.712107,
                -24.81185
              ],
              [
                33.712259,
                -24.811794
              ],
              [
                33.712396,
                -24.811748
              ],
              [
                33.71256,
                -24.811697
              ],
              [
                33.712801,
                -24.811657
              ],
              [
                33.712976,
                -24.811642
              ],
              [
                33.713102,
                -24.811642
              ],
              [
                33.713228,
                -24.811668
              ],
              [
                33.713354,
                -24.811666
              ],
              [
                33.71348,
                -24.811729
              ],
              [
                33.713667,
                -24.811769
              ],
              [
                33.713819,
                -24.811827
              ],
              [
                33.714006,
                -24.811876
              ],
              [
                33.714132,
                -24.81193
              ],
              [
                33.714308,
                -24.811983
              ],
              [
                33.714472,
                -24.812069
              ],
              [
                33.71475,
                -24.812216
              ],
              [
                33.714861,
                -24.812359
              ],
              [
                33.715025,
                -24.812517
              ],
              [
                33.7152,
                -24.81262
              ],
              [
                33.71525,
                -24.812782
              ],
              [
                33.715364,
                -24.812944
              ],
              [
                33.715414,
                -24.81307
              ],
              [
                33.715528,
                -24.813242
              ],
              [
                33.715578,
                -24.813358
              ],
              [
                33.715677,
                -24.813576
              ],
              [
                33.715742,
                -24.813692
              ],
              [
                33.715879,
                -24.813818
              ],
              [
                33.71594,
                -24.81399
              ],
              [
                33.716043,
                -24.814106
              ],
              [
                33.716154,
                -24.814209
              ],
              [
                33.716291,
                -24.814312
              ],
              [
                33.716471,
                -24.814461
              ],
              [
                33.716593,
                -24.814514
              ],
              [
                33.716745,
                -24.814613
              ],
              [
                33.716997,
                -24.81467
              ],
              [
                33.717161,
                -24.814714
              ],
              [
                33.717325,
                -24.81476
              ],
              [
                33.717462,
                -24.814808
              ],
              [
                33.7176,
                -24.814808
              ],
              [
                33.717863,
                -24.814829
              ],
              [
                33.718054,
                -24.814833
              ],
              [
                33.718191,
                -24.814836
              ],
              [
                33.718355,
                -24.814831
              ],
              [
                33.718492,
                -24.814821
              ],
              [
                33.718634,
                -24.814825
              ],
              [
                33.718794,
                -24.814819
              ],
              [
                33.718973,
                -24.81481
              ],
              [
                33.719122,
                -24.81481
              ],
              [
                33.719412,
                -24.814758
              ],
              [
                33.719561,
                -24.814762
              ],
              [
                33.719713,
                -24.81473
              ],
              [
                33.719877,
                -24.814684
              ],
              [
                33.720064,
                -24.814628
              ],
              [
                33.72019,
                -24.814632
              ],
              [
                33.720331,
                -24.814583
              ],
              [
                33.720495,
                -24.814537
              ],
              [
                33.720621,
                -24.814482
              ],
              [
                33.720797,
                -24.814422
              ],
              [
                33.720972,
                -24.814318
              ],
              [
                33.721086,
                -24.814213
              ],
              [
                33.721235,
                -24.814144
              ],
              [
                33.721361,
                -24.814089
              ],
              [
                33.721426,
                -24.813986
              ],
              [
                33.72159,
                -24.813894
              ],
              [
                33.721727,
                -24.813789
              ],
              [
                33.721903,
                -24.81369
              ],
              [
                33.72204,
                -24.813585
              ],
              [
                33.722219,
                -24.813421
              ],
              [
                33.722345,
                -24.813372
              ],
              [
                33.722521,
                -24.81324
              ],
              [
                33.722685,
                -24.813185
              ],
              [
                33.72286,
                -24.813093
              ],
              [
                33.722986,
                -24.813047
              ],
              [
                33.723162,
                -24.812988
              ],
              [
                33.723452,
                -24.812941
              ],
              [
                33.723616,
                -24.812887
              ],
              [
                33.723753,
                -24.812845
              ],
              [
                33.723906,
                -24.812839
              ],
              [
                33.724455,
                -24.812832
              ],
              [
                33.736105,
                -24.812649
              ],
              [
                33.736231,
                -24.812798
              ],
              [
                33.736281,
                -24.812933
              ],
              [
                33.736342,
                -24.813068
              ],
              [
                33.736407,
                -24.813221
              ],
              [
                33.736456,
                -24.813343
              ],
              [
                33.736517,
                -24.813496
              ],
              [
                33.736517,
                -24.813637
              ],
              [
                33.736567,
                -24.813786
              ],
              [
                33.736632,
                -24.813911
              ],
              [
                33.736742,
                -24.814074
              ],
              [
                33.736807,
                -24.814199
              ],
              [
                33.736857,
                -24.814466
              ],
              [
                33.736906,
                -24.814615
              ],
              [
                33.736967,
                -24.814741
              ],
              [
                33.737021,
                -24.814917
              ],
              [
                33.737131,
                -24.815105
              ],
              [
                33.737307,
                -24.815208
              ],
              [
                33.737433,
                -24.815258
              ],
              [
                33.737559,
                -24.815302
              ],
              [
                33.7377,
                -24.815306
              ],
              [
                33.737837,
                -24.815359
              ],
              [
                33.738089,
                -24.815363
              ],
              [
                33.738352,
                -24.815338
              ],
              [
                33.738489,
                -24.815338
              ],
              [
                33.738665,
                -24.815315
              ],
              [
                33.738818,
                -24.815273
              ],
              [
                33.73897,
                -24.815267
              ],
              [
                33.739107,
                -24.815271
              ],
              [
                33.739294,
                -24.815279
              ],
              [
                33.739474,
                -24.815246
              ],
              [
                33.739725,
                -24.81525
              ],
              [
                33.739924,
                -24.815191
              ],
              [
                33.740088,
                -24.815182
              ],
              [
                33.740263,
                -24.815117
              ],
              [
                33.740401,
                -24.815107
              ],
              [
                33.740565,
                -24.815065
              ],
              [
                33.740706,
                -24.81502
              ],
              [
                33.740843,
                -24.814907
              ],
              [
                33.74103,
                -24.814861
              ],
              [
                33.741171,
                -24.814756
              ],
              [
                33.741297,
                -24.814711
              ],
              [
                33.741446,
                -24.814596
              ],
              [
                33.741625,
                -24.814527
              ],
              [
                33.741747,
                -24.814423
              ],
              [
                33.741927,
                -24.814373
              ],
              [
                33.742125,
                -24.814268
              ],
              [
                33.742327,
                -24.814217
              ],
              [
                33.74248,
                -24.814171
              ],
              [
                33.742629,
                -24.814171
              ],
              [
                33.742793,
                -24.814165
              ],
              [
                33.742945,
                -24.814173
              ],
              [
                33.743082,
                -24.814173
              ],
              [
                33.743235,
                -24.814213
              ],
              [
                33.743372,
                -24.814217
              ],
              [
                33.743498,
                -24.814253
              ],
              [
                33.743624,
                -24.814251
              ],
              [
                33.7438,
                -24.81435
              ],
              [
                33.743849,
                -24.814472
              ],
              [
                33.74391,
                -24.814642
              ],
              [
                33.74391,
                -24.814793
              ],
              [
                33.743975,
                -24.814945
              ],
              [
                33.744025,
                -24.815094
              ],
              [
                33.744086,
                -24.81522
              ],
              [
                33.74409,
                -24.815355
              ],
              [
                33.744151,
                -24.815481
              ],
              [
                33.7442,
                -24.815607
              ],
              [
                33.74425,
                -24.815752
              ],
              [
                33.744299,
                -24.816009
              ],
              [
                33.744349,
                -24.816172
              ],
              [
                33.744402,
                -24.816297
              ],
              [
                33.747607,
                -24.815952
              ],
              [
                33.747771,
                -24.815956
              ],
              [
                33.751319,
                -24.815239
              ],
              [
                33.751456,
                -24.815237
              ],
              [
                33.751586,
                -24.815201
              ],
              [
                33.751746,
                -24.815205
              ],
              [
                33.75191,
                -24.815145
              ],
              [
                33.752062,
                -24.815149
              ],
              [
                33.752249,
                -24.815147
              ],
              [
                33.752391,
                -24.815161
              ],
              [
                33.752589,
                -24.815155
              ],
              [
                33.75278,
                -24.815182
              ],
              [
                33.752955,
                -24.81518
              ],
              [
                33.753142,
                -24.815229
              ],
              [
                33.753321,
                -24.815273
              ],
              [
                33.753459,
                -24.81533
              ],
              [
                33.753596,
                -24.81539
              ],
              [
                33.75376,
                -24.815433
              ],
              [
                33.754035,
                -24.815573
              ],
              [
                33.754084,
                -24.815739
              ],
              [
                33.754138,
                -24.815884
              ],
              [
                33.754138,
                -24.816099
              ],
              [
                33.754138,
                -24.816244
              ],
              [
                33.754111,
                -24.816376
              ],
              [
                33.754111,
                -24.816515
              ],
              [
                33.754111,
                -24.816656
              ],
              [
                33.754111,
                -24.816782
              ],
              [
                33.754122,
                -24.816908
              ],
              [
                33.754122,
                -24.817057
              ],
              [
                33.754122,
                -24.817297
              ],
              [
                33.754122,
                -24.817459
              ],
              [
                33.754122,
                -24.817581
              ],
              [
                33.754122,
                -24.81773
              ],
              [
                33.754084,
                -24.817905
              ],
              [
                33.754084,
                -24.818033
              ],
              [
                33.754084,
                -24.818168
              ],
              [
                33.754122,
                -24.818317
              ],
              [
                33.754122,
                -24.818479
              ],
              [
                33.754122,
                -24.818628
              ],
              [
                33.754172,
                -24.818777
              ],
              [
                33.754172,
                -24.818903
              ],
              [
                33.754222,
                -24.819031
              ],
              [
                33.754222,
                -24.819193
              ],
              [
                33.754271,
                -24.819305
              ],
              [
                33.754321,
                -24.819454
              ],
              [
                33.754321,
                -24.81958
              ],
              [
                33.754435,
                -24.819711
              ],
              [
                33.754546,
                -24.819845
              ],
              [
                33.754847,
                -24.820007
              ],
              [
                33.755027,
                -24.820032
              ],
              [
                33.755187,
                -24.820018
              ],
              [
                33.755366,
                -24.819986
              ],
              [
                33.755503,
                -24.81999
              ],
              [
                33.755744,
                -24.819975
              ],
              [
                33.755919,
                -24.819975
              ],
              [
                33.756057,
                -24.819969
              ],
              [
                33.756209,
                -24.819973
              ],
              [
                33.756346,
                -24.820007
              ],
              [
                33.75651,
                -24.820007
              ],
              [
                33.756648,
                -24.820064
              ],
              [
                33.7568,
                -24.820068
              ],
              [
                33.756949,
                -24.820118
              ],
              [
                33.757113,
                -24.820207
              ],
              [
                33.757277,
                -24.820251
              ],
              [
                33.757453,
                -24.820354
              ],
              [
                33.757552,
                -24.820516
              ],
              [
                33.757666,
                -24.820678
              ],
              [
                33.757666,
                -24.820791
              ],
              [
                33.757705,
                -24.821035
              ],
              [
                33.757716,
                -24.82117
              ],
              [
                33.757705,
                -24.821319
              ],
              [
                33.757705,
                -24.821481
              ],
              [
                33.757575,
                -24.823171
              ],
              [
                33.757514,
                -24.823316
              ],
              [
                33.75746,
                -24.823478
              ],
              [
                33.75735,
                -24.823638
              ],
              [
                33.757247,
                -24.823778
              ],
              [
                33.757197,
                -24.823928
              ],
              [
                33.757045,
                -24.824031
              ],
              [
                33.756846,
                -24.824192
              ],
              [
                33.756942,
                -24.82434
              ],
              [
                33.757796,
                -24.824539
              ],
              [
                33.758517,
                -24.825387
              ],
              [
                33.759017,
                -24.826492
              ],
              [
                33.759295,
                -24.827091
              ],
              [
                33.759627,
                -24.827342
              ],
              [
                33.760833,
                -24.826785
              ],
              [
                33.761435,
                -24.82588
              ],
              [
                33.762256,
                -24.82512
              ],
              [
                33.763518,
                -24.825263
              ],
              [
                33.764628,
                -24.826463
              ],
              [
                33.765349,
                -24.827562
              ],
              [
                33.765613,
                -24.827556
              ],
              [
                33.76744,
                -24.827497
              ],
              [
                33.768756,
                -24.827146
              ],
              [
                33.769359,
                -24.826589
              ],
              [
                33.76979,
                -24.82533
              ],
              [
                33.770385,
                -24.823972
              ],
              [
                33.771422,
                -24.822816
              ],
              [
                33.77307,
                -24.822357
              ],
              [
                33.774448,
                -24.822647
              ],
              [
                33.77539,
                -24.823595
              ],
              [
                33.775775,
                -24.823896
              ],
              [
                33.776931,
                -24.824192
              ],
              [
                33.777812,
                -24.824337
              ],
              [
                33.778857,
                -24.82443
              ],
              [
                33.779464,
                -24.824327
              ],
              [
                33.779845,
                -24.824173
              ],
              [
                33.78012,
                -24.823824
              ],
              [
                33.780177,
                -24.823404
              ],
              [
                33.780265,
                -24.82333
              ],
              [
                33.780418,
                -24.82327
              ],
              [
                33.780479,
                -24.823158
              ],
              [
                33.780643,
                -24.823066
              ],
              [
                33.780769,
                -24.822961
              ],
              [
                33.780895,
                -24.822853
              ],
              [
                33.781009,
                -24.822694
              ],
              [
                33.781135,
                -24.822639
              ],
              [
                33.781246,
                -24.822467
              ],
              [
                33.781348,
                -24.822353
              ],
              [
                33.781463,
                -24.822204
              ],
              [
                33.781524,
                -24.822063
              ],
              [
                33.781574,
                -24.821914
              ],
              [
                33.781638,
                -24.821792
              ],
              [
                33.781699,
                -24.821684
              ],
              [
                33.781753,
                -24.821516
              ],
              [
                33.781753,
                -24.821399
              ],
              [
                33.781802,
                -24.821281
              ],
              [
                33.781863,
                -24.821047
              ],
              [
                33.781902,
                -24.820888
              ],
              [
                33.78194,
                -24.82078
              ],
              [
                33.782054,
                -24.820629
              ],
              [
                33.782153,
                -24.82048
              ],
              [
                33.782268,
                -24.820368
              ],
              [
                33.782394,
                -24.820204
              ],
              [
                33.78252,
                -24.820135
              ],
              [
                33.782634,
                -24.81999
              ],
              [
                33.78276,
                -24.819931
              ],
              [
                33.782897,
                -24.819872
              ],
              [
                33.783061,
                -24.819771
              ],
              [
                33.783248,
                -24.819662
              ],
              [
                33.783401,
                -24.81954
              ],
              [
                33.783538,
                -24.819494
              ],
              [
                33.783729,
                -24.81938
              ],
              [
                33.783904,
                -24.819288
              ],
              [
                33.784042,
                -24.819174
              ],
              [
                33.784194,
                -24.819105
              ],
              [
                33.78432,
                -24.818992
              ],
              [
                33.784484,
                -24.818947
              ],
              [
                33.784557,
                -24.818828
              ],
              [
                33.784709,
                -24.81875
              ],
              [
                33.784774,
                -24.818624
              ],
              [
                33.784934,
                -24.818519
              ],
              [
                33.785037,
                -24.818407
              ],
              [
                33.785163,
                -24.818306
              ],
              [
                33.785289,
                -24.818184
              ],
              [
                33.785415,
                -24.818069
              ],
              [
                33.785579,
                -24.818014
              ],
              [
                33.78564,
                -24.817902
              ],
              [
                33.785777,
                -24.817842
              ],
              [
                33.785919,
                -24.817751
              ],
              [
                33.786045,
                -24.817678
              ],
              [
                33.78622,
                -24.817593
              ],
              [
                33.786346,
                -24.817547
              ],
              [
                33.786636,
                -24.817486
              ],
              [
                33.786773,
                -24.81743
              ],
              [
                33.786941,
                -24.817362
              ],
              [
                33.787311,
                -24.817234
              ],
              [
                33.787799,
                -24.816483
              ],
              [
                33.78823,
                -24.814877
              ],
              [
                33.787891,
                -24.813664
              ],
              [
                33.787391,
                -24.812618
              ],
              [
                33.786945,
                -24.811669
              ],
              [
                33.786281,
                -24.810864
              ],
              [
                33.785613,
                -24.809616
              ],
              [
                33.785591,
                -24.809201
              ],
              [
                33.785636,
                -24.809065
              ],
              [
                33.785697,
                -24.808943
              ],
              [
                33.785747,
                -24.808817
              ],
              [
                33.78585,
                -24.808699
              ],
              [
                33.785961,
                -24.808472
              ],
              [
                33.786025,
                -24.808331
              ],
              [
                33.786174,
                -24.808113
              ],
              [
                33.786289,
                -24.807978
              ],
              [
                33.786403,
                -24.807883
              ],
              [
                33.786529,
                -24.807787
              ],
              [
                33.786655,
                -24.807722
              ],
              [
                33.786792,
                -24.807677
              ],
              [
                33.78693,
                -24.807677
              ],
              [
                33.787071,
                -24.80773
              ],
              [
                33.787235,
                -24.80777
              ],
              [
                33.787357,
                -24.807827
              ],
              [
                33.787471,
                -24.80793
              ],
              [
                33.787647,
                -24.807993
              ],
              [
                33.787761,
                -24.808092
              ],
              [
                33.787899,
                -24.808136
              ],
              [
                33.788024,
                -24.808186
              ],
              [
                33.7882,
                -24.808266
              ],
              [
                33.78849,
                -24.808255
              ],
              [
                33.788627,
                -24.808255
              ],
              [
                33.788917,
                -24.808209
              ],
              [
                33.78907,
                -24.808163
              ],
              [
                33.789218,
                -24.808062
              ],
              [
                33.789371,
                -24.808012
              ],
              [
                33.789497,
                -24.807881
              ],
              [
                33.789596,
                -24.807852
              ],
              [
                33.789711,
                -24.807747
              ],
              [
                33.789825,
                -24.807589
              ],
              [
                33.789951,
                -24.80753
              ],
              [
                33.790012,
                -24.807431
              ],
              [
                33.790126,
                -24.807267
              ],
              [
                33.790275,
                -24.807158
              ],
              [
                33.790329,
                -24.807013
              ],
              [
                33.790493,
                -24.806918
              ],
              [
                33.790592,
                -24.806763
              ],
              [
                33.790691,
                -24.806618
              ],
              [
                33.790744,
                -24.80645
              ],
              [
                33.790832,
                -24.806302
              ],
              [
                33.790844,
                -24.806153
              ],
              [
                33.790821,
                -24.805981
              ],
              [
                33.790794,
                -24.805819
              ],
              [
                33.790767,
                -24.805661
              ],
              [
                33.790767,
                -24.805542
              ],
              [
                33.790718,
                -24.80539
              ],
              [
                33.790668,
                -24.805155
              ],
              [
                33.790695,
                -24.805033
              ],
              [
                33.790733,
                -24.804888
              ],
              [
                33.790882,
                -24.80464
              ],
              [
                33.790931,
                -24.804513
              ],
              [
                33.791084,
                -24.80435
              ],
              [
                33.791198,
                -24.8042
              ],
              [
                33.791347,
                -24.804108
              ],
              [
                33.791462,
                -24.803937
              ],
              [
                33.791561,
                -24.803778
              ],
              [
                33.791675,
                -24.803673
              ],
              [
                33.791828,
                -24.803641
              ],
              [
                33.791988,
                -24.803618
              ],
              [
                33.792114,
                -24.803603
              ],
              [
                33.792278,
                -24.80358
              ],
              [
                33.79243,
                -24.803525
              ],
              [
                33.792556,
                -24.803479
              ],
              [
                33.792682,
                -24.803433
              ],
              [
                33.792858,
                -24.803387
              ],
              [
                33.793022,
                -24.803296
              ],
              [
                33.793171,
                -24.803187
              ],
              [
                33.793235,
                -24.803088
              ],
              [
                33.793335,
                -24.802951
              ],
              [
                33.793399,
                -24.802802
              ],
              [
                33.824269,
                -24.750537
              ],
              [
                33.828892,
                -24.743391
              ],
              [
                33.832432,
                -24.736124
              ],
              [
                33.841119,
                -24.764378
              ],
              [
                33.841943,
                -24.764887
              ],
              [
                33.842702,
                -24.765109
              ],
              [
                33.8434,
                -24.76562
              ],
              [
                33.844094,
                -24.7659
              ],
              [
                33.844922,
                -24.766469
              ],
              [
                33.845742,
                -24.766804
              ],
              [
                33.846436,
                -24.767029
              ],
              [
                33.847264,
                -24.767594
              ],
              [
                33.84802,
                -24.767933
              ],
              [
                33.848847,
                -24.768498
              ],
              [
                33.849671,
                -24.769066
              ],
              [
                33.850682,
                -24.769345
              ],
              [
                33.851254,
                -24.769968
              ],
              [
                33.851888,
                -24.770308
              ],
              [
                33.852773,
                -24.770647
              ],
              [
                33.853406,
                -24.770981
              ],
              [
                33.854165,
                -24.771321
              ],
              [
                33.854737,
                -24.771719
              ],
              [
                33.855371,
                -24.772059
              ],
              [
                33.856069,
                -24.772452
              ],
              [
                33.856828,
                -24.772791
              ],
              [
                33.857461,
                -24.773356
              ],
              [
                33.858159,
                -24.773695
              ],
              [
                33.858728,
                -24.773977
              ],
              [
                33.859552,
                -24.774256
              ],
              [
                33.860311,
                -24.774826
              ],
              [
                33.861322,
                -24.775158
              ],
              [
                33.862146,
                -24.775498
              ],
              [
                33.863221,
                -24.775946
              ],
              [
                33.863977,
                -24.776226
              ],
              [
                33.864991,
                -24.776791
              ],
              [
                33.86588,
                -24.777241
              ],
              [
                33.866578,
                -24.777864
              ],
              [
                33.867399,
                -24.778145
              ],
              [
                33.867784,
                -24.778662
              ],
              [
                33.868669,
                -24.778996
              ],
              [
                33.869493,
                -24.779564
              ],
              [
                33.870504,
                -24.779837
              ],
              [
                33.871076,
                -24.780353
              ],
              [
                33.8719,
                -24.780628
              ],
              [
                33.872468,
                -24.780855
              ],
              [
                33.873228,
                -24.781135
              ],
              [
                33.874048,
                -24.781357
              ],
              [
                33.874868,
                -24.781635
              ],
              [
                33.875688,
                -24.781856
              ],
              [
                33.876569,
                -24.781847
              ],
              [
                33.877264,
                -24.781839
              ],
              [
                33.877824,
                -24.78166
              ],
              [
                33.878702,
                -24.78142
              ],
              [
                33.879579,
                -24.780949
              ],
              [
                33.880453,
                -24.780424
              ],
              [
                33.881014,
                -24.779898
              ],
              [
                33.881639,
                -24.779663
              ],
              [
                33.882009,
                -24.778967
              ],
              [
                33.882096,
                -24.778922
              ]
            ]
          ]
        ]
      }
    },
    {
      "type": "Feature",
      "properties": {
        "projectId": 45051,
        "name": "Mozambique TC GEZANI 26, Massinga 1 priority 2",
        "status": "ARCHIVED",
        "priority": "URGENT",
        "created": "2026-03-05T10:28:59.605000Z",
        "percentMapped": 100,
        "percentValidated": 100,
        "totalContributors": 0,
        "description": "Recently Mozambique was affected by Severe flooding that has affected more than half a million people following heavy rains in the first weeks of the new year, according to the UN Office for the Coordination of Humanitarian Affairs (OCHA). The situation continues to worsen as the country is also affected by Cyclone Gezani mainly the provinces of Sofala and Inhambane. There are 4 reported fatalities so far.  \n\nHOT is working with [UNICEF](https://www.unicef.org/), [INGD](https://ingd.gov.mz/) (Mozambique Disaster Risk Management Institute) and [OSM Mozambique](https://wiki.openstreetmap.org/wiki/Mozambique) to prioritize a coordinated mapping response. Please contribute to this project to support the response and recovery operations of these organizations. For more info on the wider response please visit: [Cyclone Gezani OSM Wiki Page](https://wiki.openstreetmap.org/wiki/Humanitarian_OSM_Team/Open_Mapping_Hub_Eastern_and_Southern_Africa/Cyclone_Gezani_2026)",
        "url": "https://tasks.hotosm.org/projects/45051"
      },
      "geometry": {
        "type": "MultiPolygon",
        "coordinates": [
          [
            [
              [
                35.36499,
                -23.174429
              ],
              [
                35.351569,
                -23.165614
              ],
              [
                35.348511,
                -23.163605
              ],
              [
                35.343879,
                -23.160563
              ],
              [
                35.328499,
                -23.150462
              ],
              [
                35.348511,
                -23.150462
              ],
              [
                35.348511,
                -23.135309
              ],
              [
                35.36499,
                -23.135309
              ],
              [
                35.36499,
                -23.145411
              ],
              [
                35.38147,
                -23.145411
              ],
              [
                35.38147,
                -23.14036
              ],
              [
                35.397949,
                -23.14036
              ],
              [
                35.397949,
                -23.135309
              ],
              [
                35.414429,
                -23.135309
              ],
              [
                35.414429,
                -23.125205
              ],
              [
                35.430908,
                -23.125205
              ],
              [
                35.430908,
                -23.14036
              ],
              [
                35.414429,
                -23.14036
              ],
              [
                35.414429,
                -23.145411
              ],
              [
                35.425415,
                -23.145411
              ],
              [
                35.425415,
                -23.155513
              ],
              [
                35.414429,
                -23.155513
              ],
              [
                35.414429,
                -23.160563
              ],
              [
                35.447388,
                -23.160563
              ],
              [
                35.447388,
                -23.165614
              ],
              [
                35.463867,
                -23.165614
              ],
              [
                35.480347,
                -23.165614
              ],
              [
                35.480347,
                -23.180764
              ],
              [
                35.463867,
                -23.180764
              ],
              [
                35.447388,
                -23.180764
              ],
              [
                35.447388,
                -23.195912
              ],
              [
                35.436401,
                -23.195912
              ],
              [
                35.436401,
                -23.22133
              ],
              [
                35.414429,
                -23.206899
              ],
              [
                35.397949,
                -23.196075
              ],
              [
                35.3977,
                -23.195912
              ],
              [
                35.38147,
                -23.185252
              ],
              [
                35.374636,
                -23.180764
              ],
              [
                35.36499,
                -23.174429
              ]
            ]
          ],
          [
            [
              [
                35.36499,
                -23.120154
              ],
              [
                35.345471,
                -23.120154
              ],
              [
                35.357889,
                -23.104997
              ],
              [
                35.36499,
                -23.09633
              ],
              [
                35.370309,
                -23.089838
              ],
              [
                35.375977,
                -23.089838
              ],
              [
                35.392456,
                -23.089838
              ],
              [
                35.403442,
                -23.089838
              ],
              [
                35.419922,
                -23.089838
              ],
              [
                35.419922,
                -23.074678
              ],
              [
                35.447388,
                -23.074678
              ],
              [
                35.447388,
                -23.089838
              ],
              [
                35.474853,
                -23.089838
              ],
              [
                35.474853,
                -23.104997
              ],
              [
                35.458374,
                -23.104997
              ],
              [
                35.458374,
                -23.120154
              ],
              [
                35.447388,
                -23.120154
              ],
              [
                35.430908,
                -23.120154
              ],
              [
                35.419922,
                -23.120154
              ],
              [
                35.392456,
                -23.120154
              ],
              [
                35.36499,
                -23.120154
              ]
            ]
          ],
          [
            [
              [
                35.397949,
                -23.059516
              ],
              [
                35.395152,
                -23.059516
              ],
              [
                35.397949,
                -23.056103
              ],
              [
                35.397949,
                -23.059516
              ]
            ]
          ],
          [
            [
              [
                35.403435,
                -23.049407
              ],
              [
                35.403442,
                -23.049398
              ],
              [
                35.419922,
                -23.029285
              ],
              [
                35.419922,
                -23.049407
              ],
              [
                35.403442,
                -23.049407
              ],
              [
                35.403435,
                -23.049407
              ]
            ]
          ],
          [
            [
              [
                35.447388,
                -23.150462
              ],
              [
                35.46936,
                -23.150462
              ],
              [
                35.46936,
                -23.155513
              ],
              [
                35.447388,
                -23.155513
              ],
              [
                35.447388,
                -23.150462
              ]
            ]
          ],
          [
            [
              [
                35.408936,
                -23.054462
              ],
              [
                35.419922,
                -23.054462
              ],
              [
                35.419922,
                -23.059516
              ],
              [
                35.408936,
                -23.059516
              ],
              [
                35.408936,
                -23.054462
              ]
            ]
          ],
          [
            [
              [
                35.430908,
                -23.059516
              ],
              [
                35.430908,
                -23.044353
              ],
              [
                35.458374,
                -23.044353
              ],
              [
                35.458374,
                -23.059516
              ],
              [
                35.430908,
                -23.059516
              ]
            ]
          ],
          [
            [
              [
                35.441895,
                -23.01402
              ],
              [
                35.441895,
                -23.019076
              ],
              [
                35.441895,
                -23.029187
              ],
              [
                35.420002,
                -23.029187
              ],
              [
                35.428286,
                -23.019076
              ],
              [
                35.432428,
                -23.01402
              ],
              [
                35.441895,
                -23.01402
              ]
            ]
          ],
          [
            [
              [
                35.496412,
                -23.250946
              ],
              [
                35.495897,
                -23.254814
              ],
              [
                35.495794,
                -23.2555
              ],
              [
                35.495794,
                -23.25579
              ],
              [
                35.495538,
                -23.256372
              ],
              [
                35.495221,
                -23.259962
              ],
              [
                35.466878,
                -23.241346
              ],
              [
                35.48584,
                -23.241346
              ],
              [
                35.48584,
                -23.231251
              ],
              [
                35.491333,
                -23.231251
              ],
              [
                35.491333,
                -23.241346
              ],
              [
                35.495927,
                -23.241346
              ],
              [
                35.495882,
                -23.243471
              ],
              [
                35.496382,
                -23.245815
              ],
              [
                35.496687,
                -23.24822
              ],
              [
                35.496412,
                -23.250946
              ]
            ]
          ],
          [
            [
              [
                35.474853,
                -23.115102
              ],
              [
                35.474853,
                -23.110049
              ],
              [
                35.480347,
                -23.110049
              ],
              [
                35.480347,
                -23.115102
              ],
              [
                35.474853,
                -23.115102
              ]
            ]
          ],
          [
            [
              [
                35.496826,
                -23.029187
              ],
              [
                35.474853,
                -23.029187
              ],
              [
                35.474853,
                -23.024132
              ],
              [
                35.458374,
                -23.024132
              ],
              [
                35.458374,
                -23.01402
              ],
              [
                35.474853,
                -23.01402
              ],
              [
                35.496826,
                -23.01402
              ],
              [
                35.513306,
                -23.01402
              ],
              [
                35.535278,
                -23.01402
              ],
              [
                35.535278,
                -23.044353
              ],
              [
                35.513306,
                -23.044353
              ],
              [
                35.513306,
                -23.029187
              ],
              [
                35.496826,
                -23.029187
              ]
            ]
          ],
          [
            [
              [
                35.48584,
                -22.963451
              ],
              [
                35.474853,
                -22.963451
              ],
              [
                35.474853,
                -22.96224
              ],
              [
                35.486294,
                -22.948277
              ],
              [
                35.491333,
                -22.948277
              ],
              [
                35.491333,
                -22.942127
              ],
              [
                35.502873,
                -22.928042
              ],
              [
                35.513306,
                -22.915309
              ],
              [
                35.513306,
                -22.917923
              ],
              [
                35.535278,
                -22.917923
              ],
              [
                35.535278,
                -22.933101
              ],
              [
                35.540772,
                -22.933101
              ],
              [
                35.540772,
                -22.948277
              ],
              [
                35.535278,
                -22.948277
              ],
              [
                35.535278,
                -22.963451
              ],
              [
                35.524292,
                -22.963451
              ],
              [
                35.524292,
                -22.948277
              ],
              [
                35.518799,
                -22.948277
              ],
              [
                35.518799,
                -22.968509
              ],
              [
                35.502319,
                -22.968509
              ],
              [
                35.502319,
                -22.983681
              ],
              [
                35.48584,
                -22.983681
              ],
              [
                35.48584,
                -22.963451
              ]
            ]
          ],
          [
            [
              [
                35.579224,
                -22.943218
              ],
              [
                35.59021,
                -22.943218
              ],
              [
                35.59021,
                -22.948277
              ],
              [
                35.579224,
                -22.948277
              ],
              [
                35.579224,
                -22.943218
              ]
            ]
          ]
        ]
      }
    },
    {
      "type": "Feature",
      "properties": {
        "projectId": 45018,
        "name": "Mozambique Floods, Chongoene02",
        "status": "ARCHIVED",
        "priority": "URGENT",
        "created": "2026-03-05T10:19:15.844000Z",
        "percentMapped": 100,
        "percentValidated": 100,
        "totalContributors": 0,
        "description": "Severe flooding in Mozambique has affected more than half a million people following heavy rains in the first weeks of the new year, according to the UN Office for the Coordination of Humanitarian Affairs (OCHA). The situation continues to worsen as floodwaters persist and dams keep releasing water to prevent structural failure, causing the number of affected people to rise steadily. Gaza province has been hit hardest, alongside Maputo and Sofala provinces. Around 90 percent of Mozambique\u2019s population lives in adobe homes, which can collapse after just a few days of heavy rain, leaving families exposed and displaced. \n\nHOT is working with [UNICEF](https://www.unicef.org/), [INGD](https://ingd.gov.mz/) (Mozambique Disaster Risk Management Institute) and [OSM Mozambique](https://wiki.openstreetmap.org/wiki/Mozambique) to prioritize a coordinated mapping response. Please contribute to this project to support the response and recovery operations of these organizations.",
        "url": "https://tasks.hotosm.org/projects/45018"
      },
      "geometry": {
        "type": "MultiPolygon",
        "coordinates": [
          [
            [
              [
                34.03181,
                -25.016643
              ],
              [
                33.881216,
                -24.779822
              ],
              [
                33.881639,
                -24.779663
              ],
              [
                33.882009,
                -24.778967
              ],
              [
                33.882696,
                -24.778614
              ],
              [
                33.883127,
                -24.777804
              ],
              [
                33.883753,
                -24.777512
              ],
              [
                33.884309,
                -24.776699
              ],
              [
                33.884863,
                -24.775889
              ],
              [
                33.885233,
                -24.775078
              ],
              [
                33.885851,
                -24.774378
              ],
              [
                33.886095,
                -24.773629
              ],
              [
                33.8864,
                -24.772993
              ],
              [
                33.886392,
                -24.772475
              ],
              [
                33.886701,
                -24.771841
              ],
              [
                33.887007,
                -24.771202
              ],
              [
                33.887251,
                -24.770682
              ],
              [
                33.887495,
                -24.770102
              ],
              [
                33.887865,
                -24.769291
              ],
              [
                33.887857,
                -24.768776
              ],
              [
                33.888162,
                -24.768138
              ],
              [
                33.888407,
                -24.767504
              ],
              [
                33.888399,
                -24.766926
              ],
              [
                33.888704,
                -24.766116
              ],
              [
                33.888948,
                -24.765483
              ],
              [
                33.888937,
                -24.76468
              ],
              [
                33.889181,
                -24.763984
              ],
              [
                33.889173,
                -24.76335
              ],
              [
                33.889479,
                -24.762599
              ],
              [
                33.889471,
                -24.761908
              ],
              [
                33.889463,
                -24.761218
              ],
              [
                33.889704,
                -24.760585
              ],
              [
                33.889696,
                -24.759776
              ],
              [
                33.890001,
                -24.759084
              ],
              [
                33.890306,
                -24.758391
              ],
              [
                33.890924,
                -24.757632
              ],
              [
                33.891172,
                -24.757058
              ],
              [
                33.891478,
                -24.756419
              ],
              [
                33.891722,
                -24.755899
              ],
              [
                33.930709,
                -24.754497
              ],
              [
                33.909777,
                -24.716218
              ],
              [
                33.90914,
                -24.715766
              ],
              [
                33.908316,
                -24.715314
              ],
              [
                33.907622,
                -24.715034
              ],
              [
                33.906992,
                -24.714812
              ],
              [
                33.906359,
                -24.714586
              ],
              [
                33.9056,
                -24.714305
              ],
              [
                33.904715,
                -24.713802
              ],
              [
                33.904082,
                -24.713575
              ],
              [
                33.903387,
                -24.713294
              ],
              [
                33.902693,
                -24.713073
              ],
              [
                33.90206,
                -24.71285
              ],
              [
                33.901427,
                -24.712512
              ],
              [
                33.900355,
                -24.712293
              ],
              [
                33.899721,
                -24.712011
              ],
              [
                33.898897,
                -24.71133
              ],
              [
                33.898203,
                -24.711049
              ],
              [
                33.89744,
                -24.710422
              ],
              [
                33.896807,
                -24.710201
              ],
              [
                33.895922,
                -24.70992
              ],
              [
                33.895292,
                -24.709699
              ],
              [
                33.894472,
                -24.709478
              ],
              [
                33.893656,
                -24.709487
              ],
              [
                33.892901,
                -24.709497
              ],
              [
                33.892206,
                -24.70927
              ],
              [
                33.891577,
                -24.709279
              ],
              [
                33.890692,
                -24.708999
              ],
              [
                33.89012,
                -24.708375
              ],
              [
                33.889483,
                -24.707746
              ],
              [
                33.889471,
                -24.706943
              ],
              [
                33.890265,
                -24.705032
              ],
              [
                33.890822,
                -24.704281
              ],
              [
                33.891638,
                -24.704271
              ],
              [
                33.892202,
                -24.704092
              ],
              [
                33.893145,
                -24.70408
              ],
              [
                33.893965,
                -24.704073
              ],
              [
                33.894716,
                -24.703891
              ],
              [
                33.895533,
                -24.703882
              ],
              [
                33.896223,
                -24.703878
              ],
              [
                33.896918,
                -24.703869
              ],
              [
                33.897669,
                -24.70363
              ],
              [
                33.898485,
                -24.703621
              ],
              [
                33.899302,
                -24.703611
              ],
              [
                33.900183,
                -24.703602
              ],
              [
                33.901186,
                -24.703306
              ],
              [
                33.902254,
                -24.703291
              ],
              [
                33.903448,
                -24.703279
              ],
              [
                33.904639,
                -24.703037
              ],
              [
                33.905837,
                -24.703026
              ],
              [
                33.907031,
                -24.703008
              ],
              [
                33.908099,
                -24.702999
              ],
              [
                33.909167,
                -24.702987
              ],
              [
                33.910235,
                -24.703035
              ],
              [
                33.911242,
                -24.703024
              ],
              [
                33.912184,
                -24.703014
              ],
              [
                33.91313,
                -24.703003
              ],
              [
                33.914073,
                -24.702993
              ],
              [
                33.915015,
                -24.702984
              ],
              [
                33.915831,
                -24.702915
              ],
              [
                33.916648,
                -24.702905
              ],
              [
                33.917468,
                -24.702896
              ],
              [
                33.918284,
                -24.702886
              ],
              [
                33.919039,
                -24.702883
              ],
              [
                33.919726,
                -24.702642
              ],
              [
                33.920356,
                -24.702635
              ],
              [
                33.920985,
                -24.702625
              ],
              [
                33.921927,
                -24.702616
              ],
              [
                33.922492,
                -24.702383
              ],
              [
                33.923117,
                -24.702373
              ],
              [
                33.923747,
                -24.70237
              ],
              [
                33.924689,
                -24.702129
              ],
              [
                33.92525,
                -24.701773
              ],
              [
                33.926253,
                -24.701479
              ],
              [
                33.92694,
                -24.701181
              ],
              [
                33.927562,
                -24.700657
              ],
              [
                33.928435,
                -24.700129
              ],
              [
                33.929248,
                -24.699829
              ],
              [
                33.930308,
                -24.699074
              ],
              [
                33.93143,
                -24.698313
              ],
              [
                33.932364,
                -24.697724
              ],
              [
                33.93299,
                -24.69726
              ],
              [
                33.933673,
                -24.696732
              ],
              [
                33.934295,
                -24.696091
              ],
              [
                33.93492,
                -24.695856
              ],
              [
                33.935855,
                -24.69521
              ],
              [
                33.936542,
                -24.694746
              ],
              [
                33.93735,
                -24.694157
              ],
              [
                33.938159,
                -24.693516
              ],
              [
                33.938907,
                -24.692934
              ],
              [
                33.939655,
                -24.692404
              ],
              [
                33.940337,
                -24.691822
              ],
              [
                33.941024,
                -24.6913
              ],
              [
                33.941707,
                -24.690716
              ],
              [
                33.942455,
                -24.690075
              ],
              [
                33.943263,
                -24.689435
              ],
              [
                33.944007,
                -24.688735
              ],
              [
                33.944881,
                -24.688033
              ],
              [
                33.945686,
                -24.687333
              ],
              [
                33.946494,
                -24.686633
              ],
              [
                33.947368,
                -24.685931
              ],
              [
                33.948173,
                -24.685176
              ],
              [
                33.949047,
                -24.684476
              ],
              [
                33.949855,
                -24.683776
              ],
              [
                33.950599,
                -24.683192
              ],
              [
                33.951282,
                -24.682551
              ],
              [
                33.951969,
                -24.68191
              ],
              [
                33.952652,
                -24.681329
              ],
              [
                33.953334,
                -24.680688
              ],
              [
                33.954078,
                -24.679988
              ],
              [
                33.954826,
                -24.679345
              ],
              [
                33.955509,
                -24.678763
              ],
              [
                33.956192,
                -24.678182
              ],
              [
                33.956878,
                -24.677541
              ],
              [
                33.957496,
                -24.6769
              ],
              [
                33.958057,
                -24.676318
              ],
              [
                33.958675,
                -24.675678
              ],
              [
                33.959232,
                -24.675096
              ],
              [
                33.959728,
                -24.674569
              ],
              [
                33.960415,
                -24.674045
              ],
              [
                33.960781,
                -24.673293
              ],
              [
                33.961403,
                -24.672653
              ],
              [
                33.961769,
                -24.671842
              ],
              [
                33.962074,
                -24.671209
              ],
              [
                33.962318,
                -24.670629
              ],
              [
                33.962627,
                -24.670106
              ],
              [
                33.96318,
                -24.669408
              ],
              [
                33.963486,
                -24.668544
              ],
              [
                33.96373,
                -24.667846
              ],
              [
                33.963718,
                -24.667162
              ],
              [
                33.963707,
                -24.666181
              ],
              [
                33.963695,
                -24.665373
              ],
              [
                33.963436,
                -24.6648
              ],
              [
                33.963428,
                -24.66411
              ],
              [
                33.963104,
                -24.663368
              ],
              [
                33.963093,
                -24.662559
              ],
              [
                33.962829,
                -24.661644
              ],
              [
                33.962818,
                -24.660782
              ],
              [
                33.962559,
                -24.660093
              ],
              [
                33.962551,
                -24.65946
              ],
              [
                33.962162,
                -24.658831
              ],
              [
                33.962154,
                -24.658199
              ],
              [
                33.962093,
                -24.658041
              ],
              [
                33.999932,
                -24.662891
              ],
              [
                33.999997,
                -24.662891
              ],
              [
                34.035669,
                -24.666494
              ],
              [
                34.035715,
                -24.666759
              ],
              [
                34.035722,
                -24.667332
              ],
              [
                34.035734,
                -24.668018
              ],
              [
                34.035745,
                -24.668821
              ],
              [
                34.03576,
                -24.669571
              ],
              [
                34.035711,
                -24.670435
              ],
              [
                34.035722,
                -24.671062
              ],
              [
                34.035734,
                -24.671812
              ],
              [
                34.03568,
                -24.672556
              ],
              [
                34.035692,
                -24.673248
              ],
              [
                34.035516,
                -24.673994
              ],
              [
                34.035528,
                -24.674743
              ],
              [
                34.035539,
                -24.675487
              ],
              [
                34.035364,
                -24.676235
              ],
              [
                34.035371,
                -24.676813
              ],
              [
                34.035386,
                -24.677556
              ],
              [
                34.035398,
                -24.678302
              ],
              [
                34.035405,
                -24.678874
              ],
              [
                34.035165,
                -24.679513
              ],
              [
                34.035177,
                -24.680259
              ],
              [
                34.035188,
                -24.68089
              ],
              [
                34.035196,
                -24.681464
              ],
              [
                34.035215,
                -24.682611
              ],
              [
                34.035226,
                -24.683242
              ],
              [
                34.035047,
                -24.683934
              ],
              [
                34.035062,
                -24.684796
              ],
              [
                34.035074,
                -24.685542
              ],
              [
                34.035085,
                -24.686345
              ],
              [
                34.0351,
                -24.687091
              ],
              [
                34.035112,
                -24.687953
              ],
              [
                34.035127,
                -24.688815
              ],
              [
                34.035203,
                -24.689673
              ],
              [
                34.035215,
                -24.690476
              ],
              [
                34.03523,
                -24.691279
              ],
              [
                34.035241,
                -24.692141
              ],
              [
                34.035253,
                -24.692834
              ],
              [
                34.035581,
                -24.693575
              ],
              [
                34.035592,
                -24.694378
              ],
              [
                34.035608,
                -24.695412
              ],
              [
                34.035878,
                -24.69644
              ],
              [
                34.03589,
                -24.697186
              ],
              [
                34.035905,
                -24.698164
              ],
              [
                34.036172,
                -24.699133
              ],
              [
                34.0365,
                -24.700049
              ],
              [
                34.036763,
                -24.70085
              ],
              [
                34.037088,
                -24.701422
              ],
              [
                34.03779,
                -24.702158
              ],
              [
                34.038423,
                -24.702379
              ],
              [
                34.039052,
                -24.70237
              ],
              [
                34.039804,
                -24.70236
              ],
              [
                34.040681,
                -24.702177
              ],
              [
                34.041498,
                -24.702168
              ],
              [
                34.042562,
                -24.701925
              ],
              [
                34.043127,
                -24.701918
              ],
              [
                34.043817,
                -24.701678
              ],
              [
                34.044569,
                -24.701668
              ],
              [
                34.045194,
                -24.701374
              ],
              [
                34.045881,
                -24.701134
              ],
              [
                34.046697,
                -24.701124
              ],
              [
                34.047384,
                -24.700827
              ],
              [
                34.04807,
                -24.70059
              ],
              [
                34.048761,
                -24.700583
              ],
              [
                34.049387,
                -24.700342
              ],
              [
                34.050325,
                -24.700102
              ],
              [
                34.050954,
                -24.700093
              ],
              [
                34.051645,
                -24.700083
              ],
              [
                34.052271,
                -24.700074
              ],
              [
                34.053026,
                -24.700064
              ],
              [
                34.053716,
                -24.699942
              ],
              [
                34.054407,
                -24.699932
              ],
              [
                34.055097,
                -24.699923
              ],
              [
                34.055788,
                -24.699913
              ],
              [
                34.056417,
                -24.699906
              ],
              [
                34.057043,
                -24.699665
              ],
              [
                34.057981,
                -24.699654
              ],
              [
                34.05855,
                -24.699646
              ],
              [
                34.059236,
                -24.699412
              ],
              [
                34.059927,
                -24.699402
              ],
              [
                34.060682,
                -24.699393
              ],
              [
                34.061437,
                -24.699496
              ],
              [
                34.06238,
                -24.699484
              ],
              [
                34.063005,
                -24.699475
              ],
              [
                34.063642,
                -24.699927
              ],
              [
                34.063906,
                -24.700728
              ],
              [
                34.063921,
                -24.701533
              ],
              [
                34.064054,
                -24.702158
              ],
              [
                34.064066,
                -24.702849
              ],
              [
                34.064077,
                -24.703539
              ],
              [
                34.064089,
                -24.704113
              ],
              [
                34.064096,
                -24.704687
              ],
              [
                34.064108,
                -24.705259
              ],
              [
                34.064371,
                -24.706003
              ],
              [
                34.064379,
                -24.706635
              ],
              [
                34.06439,
                -24.707209
              ],
              [
                34.064653,
                -24.707838
              ],
              [
                34.064661,
                -24.708412
              ],
              [
                34.064672,
                -24.709099
              ],
              [
                34.064997,
                -24.709669
              ],
              [
                34.065004,
                -24.710184
              ],
              [
                34.065264,
                -24.710815
              ],
              [
                34.065527,
                -24.711386
              ],
              [
                34.06579,
                -24.712129
              ],
              [
                34.066114,
                -24.712755
              ],
              [
                34.066439,
                -24.713497
              ],
              [
                34.06645,
                -24.714187
              ],
              [
                34.066839,
                -24.714872
              ],
              [
                34.067102,
                -24.715442
              ],
              [
                34.067362,
                -24.716068
              ],
              [
                34.067625,
                -24.716753
              ],
              [
                34.067949,
                -24.717441
              ],
              [
                34.067961,
                -24.718069
              ],
              [
                34.06835,
                -24.718698
              ],
              [
                34.068609,
                -24.719324
              ],
              [
                34.068998,
                -24.719953
              ],
              [
                34.069384,
                -24.720579
              ],
              [
                34.069708,
                -24.721263
              ],
              [
                34.070032,
                -24.721834
              ],
              [
                34.070295,
                -24.722518
              ],
              [
                34.070936,
                -24.723371
              ],
              [
                34.071264,
                -24.724174
              ],
              [
                34.071527,
                -24.724857
              ],
              [
                34.071856,
                -24.725772
              ],
              [
                34.072119,
                -24.726401
              ],
              [
                34.072508,
                -24.72714
              ],
              [
                34.072771,
                -24.727828
              ],
              [
                34.073408,
                -24.728276
              ],
              [
                34.073793,
                -24.728963
              ],
              [
                34.074621,
                -24.729581
              ],
              [
                34.075071,
                -24.730264
              ],
              [
                34.075899,
                -24.730773
              ],
              [
                34.076658,
                -24.731048
              ],
              [
                34.07754,
                -24.731267
              ],
              [
                34.078356,
                -24.731255
              ],
              [
                34.079363,
                -24.73124
              ],
              [
                34.080427,
                -24.731055
              ],
              [
                34.081183,
                -24.731046
              ],
              [
                34.081812,
                -24.731036
              ],
              [
                34.082693,
                -24.731198
              ],
              [
                34.083258,
                -24.731189
              ],
              [
                34.083956,
                -24.731526
              ],
              [
                34.084719,
                -24.732032
              ],
              [
                34.085352,
                -24.732312
              ],
              [
                34.085612,
                -24.732884
              ],
              [
                34.086249,
                -24.733275
              ],
              [
                34.086573,
                -24.734072
              ],
              [
                34.087271,
                -24.734465
              ],
              [
                34.087664,
                -24.735266
              ],
              [
                34.088297,
                -24.735717
              ],
              [
                34.089064,
                -24.73634
              ],
              [
                34.089453,
                -24.737023
              ],
              [
                34.090094,
                -24.737759
              ],
              [
                34.090353,
                -24.738448
              ],
              [
                34.090121,
                -24.739365
              ],
              [
                34.08988,
                -24.740176
              ],
              [
                34.089888,
                -24.740691
              ],
              [
                34.089266,
                -24.740929
              ],
              [
                34.088709,
                -24.741513
              ],
              [
                34.088469,
                -24.742146
              ],
              [
                34.087847,
                -24.742615
              ],
              [
                34.087225,
                -24.74308
              ],
              [
                34.086985,
                -24.74366
              ],
              [
                34.086237,
                -24.744013
              ],
              [
                34.08568,
                -24.744654
              ],
              [
                34.085127,
                -24.745289
              ],
              [
                34.084822,
                -24.745924
              ],
              [
                34.084456,
                -24.746676
              ],
              [
                34.083903,
                -24.747431
              ],
              [
                34.083601,
                -24.748123
              ],
              [
                34.083361,
                -24.748762
              ],
              [
                34.083124,
                -24.749626
              ],
              [
                34.083132,
                -24.750311
              ],
              [
                34.082892,
                -24.750891
              ],
              [
                34.082903,
                -24.751524
              ],
              [
                34.082667,
                -24.752388
              ],
              [
                34.082674,
                -24.752903
              ],
              [
                34.082373,
                -24.753708
              ],
              [
                34.082384,
                -24.754513
              ],
              [
                34.0824,
                -24.755375
              ],
              [
                34.082411,
                -24.755947
              ],
              [
                34.082552,
                -24.756868
              ],
              [
                34.08256,
                -24.757553
              ],
              [
                34.082827,
                -24.758468
              ],
              [
                34.082838,
                -24.759159
              ],
              [
                34.083162,
                -24.759731
              ],
              [
                34.083487,
                -24.760354
              ],
              [
                34.083502,
                -24.7611
              ],
              [
                34.083761,
                -24.761789
              ],
              [
                34.084086,
                -24.762355
              ],
              [
                34.084475,
                -24.763097
              ],
              [
                34.084799,
                -24.763728
              ],
              [
                34.084963,
                -24.763894
              ],
              [
                34.057535,
                -24.780276
              ],
              [
                34.050165,
                -24.771592
              ],
              [
                34.040811,
                -24.772456
              ],
              [
                34.032189,
                -24.783118
              ],
              [
                34.03703,
                -24.78755
              ],
              [
                34.026356,
                -24.800207
              ],
              [
                34.025529,
                -24.838745
              ],
              [
                34.026292,
                -24.839422
              ],
              [
                34.026871,
                -24.840162
              ],
              [
                34.027566,
                -24.840442
              ],
              [
                34.028203,
                -24.840948
              ],
              [
                34.028775,
                -24.841171
              ],
              [
                34.02916,
                -24.841741
              ],
              [
                34.029797,
                -24.842306
              ],
              [
                34.030495,
                -24.842586
              ],
              [
                34.031132,
                -24.843208
              ],
              [
                34.032025,
                -24.843713
              ],
              [
                34.032597,
                -24.844222
              ],
              [
                34.033299,
                -24.844787
              ],
              [
                34.033932,
                -24.845008
              ],
              [
                34.034631,
                -24.845519
              ],
              [
                34.035268,
                -24.845969
              ],
              [
                34.036031,
                -24.846587
              ],
              [
                34.036671,
                -24.847158
              ],
              [
                34.037244,
                -24.847663
              ],
              [
                34.037694,
                -24.848174
              ],
              [
                34.038266,
                -24.848455
              ],
              [
                34.03859,
                -24.849256
              ],
              [
                34.039166,
                -24.849763
              ],
              [
                34.03943,
                -24.850451
              ],
              [
                34.039754,
                -24.851136
              ],
              [
                34.040082,
                -24.851819
              ],
              [
                34.040341,
                -24.85245
              ],
              [
                34.040605,
                -24.853194
              ],
              [
                34.040933,
                -24.853989
              ],
              [
                34.041196,
                -24.854733
              ],
              [
                34.041207,
                -24.855365
              ],
              [
                34.041535,
                -24.856108
              ],
              [
                34.041795,
                -24.856621
              ],
              [
                34.042054,
                -24.857192
              ],
              [
                34.042066,
                -24.857825
              ],
              [
                34.04239,
                -24.858451
              ],
              [
                34.042397,
                -24.859023
              ],
              [
                34.042661,
                -24.859595
              ],
              [
                34.042924,
                -24.860339
              ],
              [
                34.042935,
                -24.861083
              ],
              [
                34.043263,
                -24.861826
              ],
              [
                34.043588,
                -24.862568
              ],
              [
                34.043916,
                -24.863253
              ],
              [
                34.04424,
                -24.863936
              ],
              [
                34.044816,
                -24.864619
              ],
              [
                34.045144,
                -24.86542
              ],
              [
                34.045529,
                -24.865933
              ],
              [
                34.0463,
                -24.866785
              ],
              [
                34.046559,
                -24.867352
              ],
              [
                34.046948,
                -24.867981
              ],
              [
                34.047334,
                -24.868492
              ],
              [
                34.048104,
                -24.869341
              ],
              [
                34.048368,
                -24.870142
              ],
              [
                34.048692,
                -24.870827
              ],
              [
                34.048955,
                -24.87134
              ],
              [
                34.049592,
                -24.871963
              ],
              [
                34.049855,
                -24.872534
              ],
              [
                34.050244,
                -24.87339
              ],
              [
                34.050759,
                -24.874073
              ],
              [
                34.0514,
                -24.874754
              ],
              [
                34.051786,
                -24.875267
              ],
              [
                34.109423,
                -24.875364
              ],
              [
                34.108099,
                -24.991255
              ],
              [
                34.107538,
                -24.991459
              ],
              [
                34.106974,
                -24.991757
              ],
              [
                34.106222,
                -24.992218
              ],
              [
                34.10541,
                -24.992455
              ],
              [
                34.10502,
                -24.992588
              ],
              [
                34.103197,
                -24.993582
              ],
              [
                34.097688,
                -24.995262
              ],
              [
                34.086896,
                -24.998804
              ],
              [
                34.078382,
                -25.000952
              ],
              [
                34.069158,
                -25.003565
              ],
              [
                34.061864,
                -25.005973
              ],
              [
                34.054173,
                -25.008268
              ],
              [
                34.053925,
                -25.008514
              ],
              [
                34.049573,
                -25.010703
              ],
              [
                34.04292,
                -25.012443
              ],
              [
                34.034199,
                -25.015777
              ],
              [
                34.03181,
                -25.016643
              ]
            ]
          ]
        ]
      }
    },
    {
      "type": "Feature",
      "properties": {
        "projectId": 42873,
        "name": "Mozambique TC GEZANI 26, Massinga 1 priority 1",
        "status": "ARCHIVED",
        "priority": "URGENT",
        "created": "2026-02-15T14:34:30.540000Z",
        "percentMapped": 100,
        "percentValidated": 100,
        "totalContributors": 0,
        "description": "Recently Mozambique was affected by Severe flooding that has affected more than half a million people following heavy rains in the first weeks of the new year, according to the UN Office for the Coordination of Humanitarian Affairs (OCHA). The situation continues to worsen as the country is also affected by Cyclone Gezani mainly the provinces of Sofala and Inhambane. There are 4 reported fatalities so far.  \n\nHOT is working with [UNICEF](https://www.unicef.org/), [INGD](https://ingd.gov.mz/) (Mozambique Disaster Risk Management Institute) and [OSM Mozambique](https://wiki.openstreetmap.org/wiki/Mozambique) to prioritize a coordinated mapping response. Please contribute to this project to support the response and recovery operations of these organizations. For more info on the wider response please visit: [Cyclone Gezani OSM Wiki Page](https://wiki.openstreetmap.org/wiki/Humanitarian_OSM_Team/Open_Mapping_Hub_Eastern_and_Southern_Africa/Cyclone_Gezani_2026)",
        "url": "https://tasks.hotosm.org/projects/42873"
      },
      "geometry": {
        "type": "MultiPolygon",
        "coordinates": [
          [
            [
              [
                35.323388,
                -23.147105
              ],
              [
                35.495221,
                -23.259962
              ],
              [
                35.494833,
                -23.264363
              ],
              [
                35.49402,
                -23.269873
              ],
              [
                35.494005,
                -23.272591
              ],
              [
                35.494226,
                -23.273852
              ],
              [
                35.494375,
                -23.274815
              ],
              [
                35.494791,
                -23.276144
              ],
              [
                35.494871,
                -23.276982
              ],
              [
                35.494768,
                -23.278311
              ],
              [
                35.494829,
                -23.285126
              ],
              [
                35.494974,
                -23.292968
              ],
              [
                35.494711,
                -23.296235
              ],
              [
                35.494222,
                -23.298238
              ],
              [
                35.494138,
                -23.29972
              ],
              [
                35.49381,
                -23.30371
              ],
              [
                35.493566,
                -23.304297
              ],
              [
                35.493562,
                -23.304929
              ],
              [
                35.49331,
                -23.305785
              ],
              [
                35.492998,
                -23.30659
              ],
              [
                35.492994,
                -23.30728
              ],
              [
                35.492746,
                -23.307961
              ],
              [
                35.492719,
                -23.308743
              ],
              [
                35.492662,
                -23.309064
              ],
              [
                35.492132,
                -23.312209
              ],
              [
                35.491395,
                -23.314816
              ],
              [
                35.489774,
                -23.318886
              ],
              [
                35.489091,
                -23.321009
              ],
              [
                35.488672,
                -23.322889
              ],
              [
                35.488637,
                -23.324577
              ],
              [
                35.488729,
                -23.326025
              ],
              [
                35.488756,
                -23.327534
              ],
              [
                35.488519,
                -23.328869
              ],
              [
                35.487897,
                -23.330444
              ],
              [
                35.487268,
                -23.331844
              ],
              [
                35.485391,
                -23.336221
              ],
              [
                35.483258,
                -23.341142
              ],
              [
                35.482694,
                -23.342416
              ],
              [
                35.482831,
                -23.342431
              ],
              [
                35.482103,
                -23.343991
              ],
              [
                35.481927,
                -23.344125
              ],
              [
                35.479383,
                -23.348901
              ],
              [
                35.475911,
                -23.355585
              ],
              [
                35.473214,
                -23.361609
              ],
              [
                35.472211,
                -23.363981
              ],
              [
                35.471024,
                -23.36701
              ],
              [
                35.470334,
                -23.368597
              ],
              [
                35.470044,
                -23.370533
              ],
              [
                35.469811,
                -23.372102
              ],
              [
                35.469441,
                -23.373317
              ],
              [
                35.468873,
                -23.374351
              ],
              [
                35.468755,
                -23.374656
              ],
              [
                35.468415,
                -23.375274
              ],
              [
                35.468163,
                -23.375905
              ],
              [
                35.467915,
                -23.376596
              ],
              [
                35.467664,
                -23.377399
              ],
              [
                35.467412,
                -23.377971
              ],
              [
                35.467099,
                -23.378776
              ],
              [
                35.466908,
                -23.379401
              ],
              [
                35.466656,
                -23.380208
              ],
              [
                35.466408,
                -23.380782
              ],
              [
                35.466096,
                -23.381469
              ],
              [
                35.465844,
                -23.382157
              ],
              [
                35.465302,
                -23.382853
              ],
              [
                35.464978,
                -23.384644
              ],
              [
                35.46436,
                -23.386523
              ],
              [
                35.463738,
                -23.388285
              ],
              [
                35.460095,
                -23.396488
              ],
              [
                35.457993,
                -23.402922
              ],
              [
                35.453663,
                -23.412826
              ],
              [
                35.452492,
                -23.416829
              ],
              [
                35.452103,
                -23.416587
              ],
              [
                35.451863,
                -23.417413
              ],
              [
                35.451863,
                -23.417981
              ],
              [
                35.451611,
                -23.418672
              ],
              [
                35.451607,
                -23.419303
              ],
              [
                35.451355,
                -23.420053
              ],
              [
                35.451355,
                -23.420404
              ],
              [
                35.451008,
                -23.421439
              ],
              [
                35.4496,
                -23.426589
              ],
              [
                35.448895,
                -23.430892
              ],
              [
                35.448643,
                -23.438498
              ],
              [
                35.448063,
                -23.440767
              ],
              [
                35.446583,
                -23.445741
              ],
              [
                35.444515,
                -23.454103
              ],
              [
                35.441349,
                -23.463387
              ],
              [
                35.438972,
                -23.469277
              ],
              [
                35.436771,
                -23.474259
              ],
              [
                35.433662,
                -23.479441
              ],
              [
                35.433754,
                -23.479515
              ],
              [
                35.432083,
                -23.482191
              ],
              [
                35.431881,
                -23.482302
              ],
              [
                35.430793,
                -23.482454
              ],
              [
                35.43005,
                -23.482574
              ],
              [
                35.429302,
                -23.482563
              ],
              [
                35.428558,
                -23.482679
              ],
              [
                35.427875,
                -23.482675
              ],
              [
                35.427192,
                -23.482674
              ],
              [
                35.425888,
                -23.482784
              ],
              [
                35.425205,
                -23.482893
              ],
              [
                35.424335,
                -23.482889
              ],
              [
                35.423278,
                -23.482883
              ],
              [
                35.42247,
                -23.483053
              ],
              [
                35.421661,
                -23.483053
              ],
              [
                35.420795,
                -23.483044
              ],
              [
                35.419986,
                -23.483282
              ],
              [
                35.419177,
                -23.483276
              ],
              [
                35.418308,
                -23.483267
              ],
              [
                35.417438,
                -23.483497
              ],
              [
                35.416507,
                -23.483494
              ],
              [
                35.415141,
                -23.48366
              ],
              [
                35.413711,
                -23.483825
              ],
              [
                35.41278,
                -23.483822
              ],
              [
                35.412097,
                -23.484049
              ],
              [
                35.410667,
                -23.484045
              ],
              [
                35.409919,
                -23.484268
              ],
              [
                35.408866,
                -23.484497
              ],
              [
                35.407996,
                -23.484493
              ],
              [
                35.407188,
                -23.484775
              ],
              [
                35.40644,
                -23.485008
              ],
              [
                35.405696,
                -23.484997
              ],
              [
                35.405009,
                -23.485342
              ],
              [
                35.403583,
                -23.485567
              ],
              [
                35.402587,
                -23.48579
              ],
              [
                35.401156,
                -23.486246
              ],
              [
                35.400474,
                -23.486242
              ],
              [
                35.399791,
                -23.486244
              ],
              [
                35.399043,
                -23.486238
              ],
              [
                35.398177,
                -23.486232
              ],
              [
                35.397307,
                -23.486114
              ],
              [
                35.396624,
                -23.486112
              ],
              [
                35.395072,
                -23.485933
              ],
              [
                35.39445,
                -23.485757
              ],
              [
                35.393767,
                -23.485754
              ],
              [
                35.393023,
                -23.48558
              ],
              [
                35.392154,
                -23.48558
              ],
              [
                35.391349,
                -23.485574
              ],
              [
                35.390666,
                -23.485454
              ],
              [
                35.389857,
                -23.485452
              ],
              [
                35.388552,
                -23.485338
              ],
              [
                35.387248,
                -23.48533
              ],
              [
                35.386317,
                -23.485263
              ],
              [
                35.385325,
                -23.48509
              ],
              [
                35.384207,
                -23.485147
              ],
              [
                35.383464,
                -23.484911
              ],
              [
                35.382655,
                -23.484909
              ],
              [
                35.38185,
                -23.484903
              ],
              [
                35.380919,
                -23.484665
              ],
              [
                35.380049,
                -23.484665
              ],
              [
                35.379054,
                -23.484432
              ],
              [
                35.378188,
                -23.484432
              ],
              [
                35.377253,
                -23.484428
              ],
              [
                35.376448,
                -23.484255
              ],
              [
                35.375765,
                -23.484247
              ],
              [
                35.375021,
                -23.484245
              ],
              [
                35.374339,
                -23.484129
              ],
              [
                35.373656,
                -23.484121
              ],
              [
                35.372351,
                -23.483951
              ],
              [
                35.370985,
                -23.48394
              ],
              [
                35.369559,
                -23.483764
              ],
              [
                35.368872,
                -23.483761
              ],
              [
                35.368006,
                -23.483751
              ],
              [
                35.367136,
                -23.483696
              ],
              [
                35.366328,
                -23.48369
              ],
              [
                35.365519,
                -23.48369
              ],
              [
                35.364775,
                -23.483682
              ],
              [
                35.363783,
                -23.483734
              ],
              [
                35.362726,
                -23.483732
              ],
              [
                35.361979,
                -23.48373
              ],
              [
                35.360987,
                -23.483785
              ],
              [
                35.360178,
                -23.48378
              ],
              [
                35.359373,
                -23.483778
              ],
              [
                35.358751,
                -23.483946
              ],
              [
                35.357386,
                -23.48394
              ],
              [
                35.356512,
                -23.48411
              ],
              [
                35.355768,
                -23.484104
              ],
              [
                35.354959,
                -23.484102
              ],
              [
                35.354151,
                -23.484327
              ],
              [
                35.353468,
                -23.484323
              ],
              [
                35.352537,
                -23.48455
              ],
              [
                35.351728,
                -23.484832
              ],
              [
                35.350981,
                -23.485061
              ],
              [
                35.350298,
                -23.485057
              ],
              [
                35.349615,
                -23.485284
              ],
              [
                35.348993,
                -23.485509
              ],
              [
                35.348371,
                -23.485799
              ],
              [
                35.347563,
                -23.486028
              ],
              [
                35.346693,
                -23.486019
              ],
              [
                35.345945,
                -23.486238
              ],
              [
                35.344953,
                -23.486469
              ],
              [
                35.344221,
                -23.486467
              ],
              [
                35.343275,
                -23.486463
              ],
              [
                35.341848,
                -23.486457
              ],
              [
                35.341104,
                -23.486108
              ],
              [
                35.340921,
                -23.485361
              ],
              [
                35.340986,
                -23.484615
              ],
              [
                35.341173,
                -23.483926
              ],
              [
                35.34123,
                -23.48357
              ],
              [
                35.341303,
                -23.483125
              ],
              [
                35.34168,
                -23.48232
              ],
              [
                35.341993,
                -23.481752
              ],
              [
                35.342806,
                -23.480549
              ],
              [
                35.343118,
                -23.479803
              ],
              [
                35.343683,
                -23.479
              ],
              [
                35.343931,
                -23.478428
              ],
              [
                35.344244,
                -23.477863
              ],
              [
                35.344496,
                -23.477056
              ],
              [
                35.344751,
                -23.476307
              ],
              [
                35.344751,
                -23.475616
              ],
              [
                35.345068,
                -23.474876
              ],
              [
                35.345381,
                -23.473959
              ],
              [
                35.345632,
                -23.473156
              ],
              [
                35.346197,
                -23.471956
              ],
              [
                35.346449,
                -23.4711
              ],
              [
                35.346701,
                -23.470234
              ],
              [
                35.346792,
                -23.469956
              ],
              [
                35.346891,
                -23.469662
              ],
              [
                35.347021,
                -23.468342
              ],
              [
                35.347025,
                -23.467652
              ],
              [
                35.347151,
                -23.466738
              ],
              [
                35.347155,
                -23.465989
              ],
              [
                35.347162,
                -23.464612
              ],
              [
                35.34704,
                -23.463977
              ],
              [
                35.347044,
                -23.463174
              ],
              [
                35.347048,
                -23.462546
              ],
              [
                35.347052,
                -23.461747
              ],
              [
                35.346308,
                -23.46128
              ],
              [
                35.345816,
                -23.460528
              ],
              [
                35.345194,
                -23.46024
              ],
              [
                35.344324,
                -23.460069
              ],
              [
                35.343458,
                -23.460006
              ],
              [
                35.342588,
                -23.46
              ],
              [
                35.341905,
                -23.459996
              ],
              [
                35.341036,
                -23.459996
              ],
              [
                35.340414,
                -23.460105
              ],
              [
                35.339605,
                -23.460103
              ],
              [
                35.338739,
                -23.460099
              ],
              [
                35.337991,
                -23.460091
              ],
              [
                35.337,
                -23.460147
              ],
              [
                35.336378,
                -23.460202
              ],
              [
                35.335012,
                -23.460194
              ],
              [
                35.334081,
                -23.46025
              ],
              [
                35.33259,
                -23.460356
              ],
              [
                35.331907,
                -23.460358
              ],
              [
                35.331159,
                -23.460582
              ],
              [
                35.330415,
                -23.46058
              ],
              [
                35.329546,
                -23.460805
              ],
              [
                35.328676,
                -23.460799
              ],
              [
                35.32731,
                -23.460622
              ],
              [
                35.326501,
                -23.460616
              ],
              [
                35.325757,
                -23.460612
              ],
              [
                35.325014,
                -23.460379
              ],
              [
                35.324205,
                -23.460379
              ],
              [
                35.322595,
                -23.45991
              ],
              [
                35.321664,
                -23.459906
              ],
              [
                35.320794,
                -23.459616
              ],
              [
                35.320051,
                -23.45938
              ],
              [
                35.318624,
                -23.459143
              ],
              [
                35.317819,
                -23.458854
              ],
              [
                35.317197,
                -23.458623
              ],
              [
                35.316579,
                -23.458335
              ],
              [
                35.315648,
                -23.45781
              ],
              [
                35.315156,
                -23.457065
              ],
              [
                35.314351,
                -23.456544
              ],
              [
                35.313794,
                -23.455794
              ],
              [
                35.31355,
                -23.45522
              ],
              [
                35.312997,
                -23.454356
              ],
              [
                35.31244,
                -23.453778
              ],
              [
                35.312196,
                -23.452973
              ],
              [
                35.311578,
                -23.452626
              ],
              [
                35.311269,
                -23.451995
              ],
              [
                35.310964,
                -23.451186
              ],
              [
                35.31022,
                -23.450729
              ],
              [
                35.309663,
                -23.449924
              ],
              [
                35.309045,
                -23.449346
              ],
              [
                35.308183,
                -23.448478
              ],
              [
                35.307687,
                -23.447904
              ],
              [
                35.307378,
                -23.44733
              ],
              [
                35.30676,
                -23.447091
              ],
              [
                35.306203,
                -23.446346
              ],
              [
                35.305337,
                -23.445821
              ],
              [
                35.304593,
                -23.445308
              ],
              [
                35.30404,
                -23.444789
              ],
              [
                35.303235,
                -23.444326
              ],
              [
                35.30243,
                -23.443805
              ],
              [
                35.301808,
                -23.443513
              ],
              [
                35.300942,
                -23.443052
              ],
              [
                35.300076,
                -23.442531
              ],
              [
                35.299458,
                -23.442297
              ],
              [
                35.29865,
                -23.442066
              ],
              [
                35.298032,
                -23.441831
              ],
              [
                35.297166,
                -23.441311
              ],
              [
                35.296357,
                -23.441078
              ],
              [
                35.294934,
                -23.440612
              ],
              [
                35.294125,
                -23.440323
              ],
              [
                35.293259,
                -23.440086
              ],
              [
                35.291833,
                -23.43985
              ],
              [
                35.29115,
                -23.439621
              ],
              [
                35.290467,
                -23.439617
              ],
              [
                35.289475,
                -23.439329
              ],
              [
                35.288109,
                -23.439146
              ],
              [
                35.287491,
                -23.439029
              ],
              [
                35.286809,
                -23.439026
              ],
              [
                35.285565,
                -23.439022
              ],
              [
                35.284634,
                -23.439016
              ],
              [
                35.283394,
                -23.439125
              ],
              [
                35.282769,
                -23.439234
              ],
              [
                35.281903,
                -23.439403
              ],
              [
                35.281155,
                -23.439623
              ],
              [
                35.280472,
                -23.439628
              ],
              [
                35.279789,
                -23.43985
              ],
              [
                35.279164,
                -23.44008
              ],
              [
                35.278542,
                -23.440365
              ],
              [
                35.27792,
                -23.440591
              ],
              [
                35.277237,
                -23.440588
              ],
              [
                35.276429,
                -23.440811
              ],
              [
                35.275128,
                -23.440807
              ],
              [
                35.274506,
                -23.440569
              ],
              [
                35.273823,
                -23.44034
              ],
              [
                35.273018,
                -23.44022
              ],
              [
                35.272339,
                -23.439588
              ],
              [
                35.272095,
                -23.438839
              ],
              [
                35.185977,
                -23.314817
              ],
              [
                35.323388,
                -23.147105
              ]
            ]
          ]
        ]
      }
    },
    {
      "type": "Feature",
      "properties": {
        "projectId": 42345,
        "name": "Mozambique Floods, Chongoene01",
        "status": "ARCHIVED",
        "priority": "URGENT",
        "created": "2026-02-12T16:49:48.435000Z",
        "percentMapped": 100,
        "percentValidated": 100,
        "totalContributors": 0,
        "description": "Severe flooding in Mozambique has affected more than half a million people following heavy rains in the first weeks of the new year, according to the UN Office for the Coordination of Humanitarian Affairs (OCHA). The situation continues to worsen as floodwaters persist and dams keep releasing water to prevent structural failure, causing the number of affected people to rise steadily. Gaza province has been hit hardest, alongside Maputo and Sofala provinces. Around 90 percent of Mozambique\u2019s population lives in adobe homes, which can collapse after just a few days of heavy rain, leaving families exposed and displaced. \n\nHOT is working with [UNICEF](https://www.unicef.org/), [INGD](https://ingd.gov.mz/) (Mozambique Disaster Risk Management Institute) and [OSM Mozambique](https://wiki.openstreetmap.org/wiki/Mozambique) to prioritize a coordinated mapping response. Please contribute to this project to support the response and recovery operations of these organizations.",
        "url": "https://tasks.hotosm.org/projects/42345"
      },
      "geometry": {
        "type": "MultiPolygon",
        "coordinates": [
          [
            [
              [
                33.751506,
                -24.936999
              ],
              [
                33.73818,
                -24.955014
              ],
              [
                33.752233,
                -24.980054
              ],
              [
                33.761925,
                -25.007723
              ],
              [
                33.705713,
                -25.01475
              ],
              [
                33.736727,
                -25.074457
              ],
              [
                33.787608,
                -25.090696
              ],
              [
                33.939283,
                -25.015628
              ],
              [
                34.004286,
                -24.96424
              ],
              [
                33.953118,
                -24.87393
              ],
              [
                33.782851,
                -24.920727
              ],
              [
                33.751506,
                -24.936999
              ]
            ]
          ]
        ]
      }
    },
    {
      "type": "Feature",
      "properties": {
        "projectId": 40959,
        "name": "Mozambique Floods, Massingir-01",
        "status": "ARCHIVED",
        "priority": "URGENT",
        "created": "2026-02-06T09:29:09.091000Z",
        "percentMapped": 100,
        "percentValidated": 100,
        "totalContributors": 0,
        "description": "Severe flooding in Mozambique has affected more than half a million people following heavy rains in the first weeks of the new year, according to the UN Office for the Coordination of Humanitarian Affairs (OCHA). The situation continues to worsen as floodwaters persist and dams keep releasing water to prevent structural failure, causing the number of affected people to rise steadily. Gaza province has been hit hardest, alongside Maputo and Sofala provinces. Around 90 percent of Mozambique\u2019s population lives in adobe homes, which can collapse after just a few days of heavy rain, leaving families exposed and displaced. \n\nHOT is working with [UNICEF](https://www.unicef.org/), [INGD](https://ingd.gov.mz/) (Mozambique Disaster Risk Management Institute) and [OSM Mozambique](https://wiki.openstreetmap.org/wiki/Mozambique) to prioritize a coordinated mapping response. Please contribute to this project to support the response and recovery operations of these organizations.",
        "url": "https://tasks.hotosm.org/projects/40959"
      },
      "geometry": {
        "type": "MultiPolygon",
        "coordinates": [
          [
            [
              [
                31.896156,
                -23.844259
              ],
              [
                31.895912,
                -23.843844
              ],
              [
                31.896237,
                -23.843584
              ],
              [
                31.896607,
                -23.84383
              ],
              [
                31.896537,
                -23.84405
              ],
              [
                31.896156,
                -23.844259
              ]
            ]
          ],
          [
            [
              [
                31.893933,
                -23.844943
              ],
              [
                31.894855,
                -23.844561
              ],
              [
                31.895295,
                -23.844924
              ],
              [
                31.894265,
                -23.845797
              ],
              [
                31.893589,
                -23.845434
              ],
              [
                31.89183,
                -23.845738
              ],
              [
                31.890435,
                -23.843187
              ],
              [
                31.892248,
                -23.841901
              ],
              [
                31.894201,
                -23.842117
              ],
              [
                31.894544,
                -23.842696
              ],
              [
                31.893568,
                -23.843422
              ],
              [
                31.893075,
                -23.844139
              ],
              [
                31.893933,
                -23.844943
              ]
            ]
          ],
          [
            [
              [
                31.894893,
                -23.843849
              ],
              [
                31.894735,
                -23.84366
              ],
              [
                31.895456,
                -23.843226
              ],
              [
                31.895888,
                -23.843246
              ],
              [
                31.895916,
                -23.84348
              ],
              [
                31.895419,
                -23.843567
              ],
              [
                31.894893,
                -23.843849
              ]
            ]
          ],
          [
            [
              [
                31.903498,
                -23.84195
              ],
              [
                31.903846,
                -23.842215
              ],
              [
                31.903396,
                -23.842696
              ],
              [
                31.903127,
                -23.84247
              ],
              [
                31.903498,
                -23.84195
              ]
            ]
          ],
          [
            [
              [
                31.902838,
                -23.841254
              ],
              [
                31.902344,
                -23.841734
              ],
              [
                31.901969,
                -23.841528
              ],
              [
                31.902586,
                -23.840994
              ],
              [
                31.902838,
                -23.841254
              ]
            ]
          ],
          [
            [
              [
                31.89411,
                -23.841079
              ],
              [
                31.894196,
                -23.840784
              ],
              [
                31.894546,
                -23.840578
              ],
              [
                31.894795,
                -23.840865
              ],
              [
                31.894709,
                -23.841232
              ],
              [
                31.894477,
                -23.841375
              ],
              [
                31.89411,
                -23.841079
              ]
            ]
          ],
          [
            [
              [
                31.904865,
                -23.839193
              ],
              [
                31.905016,
                -23.838624
              ],
              [
                31.905702,
                -23.838545
              ],
              [
                31.906046,
                -23.836867
              ],
              [
                31.905509,
                -23.836906
              ],
              [
                31.904608,
                -23.838702
              ],
              [
                31.90346,
                -23.839929
              ],
              [
                31.902033,
                -23.839615
              ],
              [
                31.899748,
                -23.841862
              ],
              [
                31.900027,
                -23.842451
              ],
              [
                31.899769,
                -23.843079
              ],
              [
                31.900241,
                -23.843785
              ],
              [
                31.899855,
                -23.844727
              ],
              [
                31.900649,
                -23.845552
              ],
              [
                31.900499,
                -23.845964
              ],
              [
                31.899812,
                -23.846474
              ],
              [
                31.899705,
                -23.848083
              ],
              [
                31.898353,
                -23.848005
              ],
              [
                31.896207,
                -23.847024
              ],
              [
                31.894705,
                -23.847534
              ],
              [
                31.894019,
                -23.846455
              ],
              [
                31.897731,
                -23.843511
              ],
              [
                31.898096,
                -23.842569
              ],
              [
                31.897495,
                -23.842058
              ],
              [
                31.896572,
                -23.842215
              ],
              [
                31.895778,
                -23.841214
              ],
              [
                31.896293,
                -23.840449
              ],
              [
                31.897709,
                -23.840665
              ],
              [
                31.89831,
                -23.83986
              ],
              [
                31.897924,
                -23.839291
              ],
              [
                31.898375,
                -23.83776
              ],
              [
                31.89949,
                -23.837269
              ],
              [
                31.899919,
                -23.835856
              ],
              [
                31.901143,
                -23.836072
              ],
              [
                31.901507,
                -23.838427
              ],
              [
                31.902065,
                -23.838231
              ],
              [
                31.901443,
                -23.834757
              ],
              [
                31.903353,
                -23.834463
              ],
              [
                31.904619,
                -23.833108
              ],
              [
                31.905498,
                -23.834149
              ],
              [
                31.906657,
                -23.834227
              ],
              [
                31.907902,
                -23.835679
              ],
              [
                31.909146,
                -23.836111
              ],
              [
                31.90979,
                -23.837564
              ],
              [
                31.908803,
                -23.837897
              ],
              [
                31.908352,
                -23.837407
              ],
              [
                31.908202,
                -23.837917
              ],
              [
                31.907623,
                -23.838447
              ],
              [
                31.907043,
                -23.838074
              ],
              [
                31.906829,
                -23.838388
              ],
              [
                31.907977,
                -23.839909
              ],
              [
                31.906968,
                -23.840773
              ],
              [
                31.905595,
                -23.83989
              ],
              [
                31.905563,
                -23.839566
              ],
              [
                31.904865,
                -23.839193
              ]
            ]
          ],
          [
            [
              [
                32.102265,
                -23.918089
              ],
              [
                32.102437,
                -23.918569
              ],
              [
                32.103038,
                -23.917677
              ],
              [
                32.104454,
                -23.918795
              ],
              [
                32.105463,
                -23.918422
              ],
              [
                32.107179,
                -23.919521
              ],
              [
                32.107372,
                -23.918442
              ],
              [
                32.10866,
                -23.91852
              ],
              [
                32.108788,
                -23.920168
              ],
              [
                32.109132,
                -23.920305
              ],
              [
                32.109561,
                -23.919835
              ],
              [
                32.110548,
                -23.920031
              ],
              [
                32.111299,
                -23.919599
              ],
              [
                32.113101,
                -23.921835
              ],
              [
                32.115698,
                -23.923169
              ],
              [
                32.115591,
                -23.924562
              ],
              [
                32.114303,
                -23.924836
              ],
              [
                32.114303,
                -23.925464
              ],
              [
                32.112458,
                -23.929269
              ],
              [
                32.100205,
                -23.921306
              ],
              [
                32.100313,
                -23.920011
              ],
              [
                32.09954,
                -23.919501
              ],
              [
                32.100978,
                -23.917147
              ],
              [
                32.100978,
                -23.916981
              ],
              [
                32.101665,
                -23.917285
              ],
              [
                32.102265,
                -23.918089
              ]
            ]
          ],
          [
            [
              [
                32.038493,
                -23.925581
              ],
              [
                32.028451,
                -23.926994
              ],
              [
                32.021971,
                -23.922757
              ],
              [
                32.01961,
                -23.919462
              ],
              [
                32.023044,
                -23.915774
              ],
              [
                32.028494,
                -23.913224
              ],
              [
                32.037678,
                -23.912871
              ],
              [
                32.042184,
                -23.920011
              ],
              [
                32.038493,
                -23.925581
              ]
            ]
          ],
          [
            [
              [
                32.306027,
                -23.877519
              ],
              [
                32.300448,
                -23.88109
              ],
              [
                32.292895,
                -23.869042
              ],
              [
                32.296371,
                -23.866452
              ],
              [
                32.300405,
                -23.86653
              ],
              [
                32.304783,
                -23.871868
              ],
              [
                32.306027,
                -23.877519
              ]
            ]
          ],
          [
            [
              [
                32.22805,
                -23.856444
              ],
              [
                32.228479,
                -23.862252
              ],
              [
                32.21863,
                -23.859799
              ],
              [
                32.22069,
                -23.85142
              ],
              [
                32.229359,
                -23.850085
              ],
              [
                32.22805,
                -23.856444
              ]
            ]
          ],
          [
            [
              [
                31.908924,
                -23.841212
              ],
              [
                31.908653,
                -23.840957
              ],
              [
                31.90901,
                -23.840806
              ],
              [
                31.909125,
                -23.840488
              ],
              [
                31.909435,
                -23.840312
              ],
              [
                31.909633,
                -23.840475
              ],
              [
                31.909588,
                -23.840736
              ],
              [
                31.909447,
                -23.841012
              ],
              [
                31.908924,
                -23.841212
              ]
            ]
          ],
          [
            [
              [
                31.909128,
                -23.839926
              ],
              [
                31.908492,
                -23.839212
              ],
              [
                31.907902,
                -23.839016
              ],
              [
                31.908063,
                -23.838555
              ],
              [
                31.908578,
                -23.838378
              ],
              [
                31.90891,
                -23.838555
              ],
              [
                31.909211,
                -23.837838
              ],
              [
                31.910799,
                -23.838643
              ],
              [
                31.910246,
                -23.83906
              ],
              [
                31.909964,
                -23.839556
              ],
              [
                31.909128,
                -23.839926
              ]
            ]
          ],
          [
            [
              [
                32.057333,
                -23.808512
              ],
              [
                32.055616,
                -23.813498
              ],
              [
                32.044716,
                -23.815187
              ],
              [
                32.034073,
                -23.811889
              ],
              [
                32.032442,
                -23.807099
              ],
              [
                32.035575,
                -23.802191
              ],
              [
                32.046046,
                -23.803251
              ],
              [
                32.051496,
                -23.807452
              ],
              [
                32.0539,
                -23.807884
              ],
              [
                32.057333,
                -23.808512
              ]
            ]
          ]
        ]
      }
    },
    {
      "type": "Feature",
      "properties": {
        "projectId": 40662,
        "name": "Mozambique Floods, Cidade De Xai Xai",
        "status": "ARCHIVED",
        "priority": "URGENT",
        "created": "2026-02-05T08:53:58.141000Z",
        "percentMapped": 100,
        "percentValidated": 100,
        "totalContributors": 0,
        "description": "Severe flooding in Mozambique has affected more than half a million people following heavy rains in the first weeks of the new year, according to the UN Office for the Coordination of Humanitarian Affairs (OCHA). The situation continues to worsen as floodwaters persist and dams keep releasing water to prevent structural failure, causing the number of affected people to rise steadily. Gaza province has been hit hardest, alongside Maputo and Sofala provinces. Around 90 percent of Mozambique\u2019s population lives in adobe homes, which can collapse after just a few days of heavy rain, leaving families exposed and displaced. \n\nHOT is working with [UNICEF](https://www.unicef.org/), [INGD](https://ingd.gov.mz/) (Mozambique Disaster Risk Management Institute) and [OSM Mozambique](https://wiki.openstreetmap.org/wiki/Mozambique) to prioritize a coordinated mapping response. Please contribute to this project to support the response and recovery operations of these organizations. ",
        "url": "https://tasks.hotosm.org/projects/40662"
      },
      "geometry": {
        "type": "MultiPolygon",
        "coordinates": [
          [
            [
              [
                33.677897,
                -25.086663
              ],
              [
                33.677776,
                -25.086816
              ],
              [
                33.675968,
                -25.087285
              ],
              [
                33.674804,
                -25.087591
              ],
              [
                33.674681,
                -25.087484
              ],
              [
                33.674804,
                -25.087338
              ],
              [
                33.67618,
                -25.086804
              ],
              [
                33.677658,
                -25.086286
              ],
              [
                33.677897,
                -25.086663
              ]
            ]
          ],
          [
            [
              [
                33.683358,
                -25.084273
              ],
              [
                33.684618,
                -25.083801
              ],
              [
                33.685369,
                -25.08351
              ],
              [
                33.685793,
                -25.084
              ],
              [
                33.685884,
                -25.084379
              ],
              [
                33.683261,
                -25.085327
              ],
              [
                33.680472,
                -25.08608
              ],
              [
                33.678364,
                -25.086498
              ],
              [
                33.678074,
                -25.086041
              ],
              [
                33.678997,
                -25.085798
              ],
              [
                33.678905,
                -25.08489
              ],
              [
                33.680091,
                -25.084515
              ],
              [
                33.680413,
                -25.085356
              ],
              [
                33.681738,
                -25.084851
              ],
              [
                33.683358,
                -25.084273
              ]
            ]
          ],
          [
            [
              [
                33.663021,
                -25.037238
              ],
              [
                33.664491,
                -25.036995
              ],
              [
                33.663965,
                -25.038415
              ],
              [
                33.662539,
                -25.038298
              ],
              [
                33.663021,
                -25.037238
              ]
            ]
          ],
          [
            [
              [
                33.658859,
                -25.032864
              ],
              [
                33.657678,
                -25.034332
              ],
              [
                33.657689,
                -25.035625
              ],
              [
                33.65667,
                -25.036675
              ],
              [
                33.655372,
                -25.035829
              ],
              [
                33.655243,
                -25.034147
              ],
              [
                33.6555,
                -25.032154
              ],
              [
                33.655919,
                -25.032271
              ],
              [
                33.658086,
                -25.032174
              ],
              [
                33.658859,
                -25.032864
              ]
            ]
          ],
          [
            [
              [
                33.655264,
                -25.023765
              ],
              [
                33.656509,
                -25.026467
              ],
              [
                33.656895,
                -25.027381
              ],
              [
                33.655854,
                -25.027206
              ],
              [
                33.655833,
                -25.029568
              ],
              [
                33.654556,
                -25.029539
              ],
              [
                33.65447,
                -25.027206
              ],
              [
                33.654159,
                -25.024144
              ],
              [
                33.651477,
                -25.021665
              ],
              [
                33.649793,
                -25.019516
              ],
              [
                33.650951,
                -25.019351
              ],
              [
                33.651745,
                -25.019934
              ],
              [
                33.654535,
                -25.022375
              ],
              [
                33.655264,
                -25.023765
              ]
            ]
          ],
          [
            [
              [
                33.648119,
                -24.99056
              ],
              [
                33.647636,
                -24.992583
              ],
              [
                33.647701,
                -24.996074
              ],
              [
                33.647325,
                -24.999312
              ],
              [
                33.648784,
                -24.99903
              ],
              [
                33.649954,
                -24.99972
              ],
              [
                33.649278,
                -25.000741
              ],
              [
                33.646703,
                -25.002171
              ],
              [
                33.643645,
                -25.004038
              ],
              [
                33.641295,
                -25.007694
              ],
              [
                33.642712,
                -25.011768
              ],
              [
                33.646477,
                -25.014023
              ],
              [
                33.649546,
                -25.016619
              ],
              [
                33.647346,
                -25.017329
              ],
              [
                33.641853,
                -25.012662
              ],
              [
                33.639627,
                -25.007937
              ],
              [
                33.640738,
                -25.005
              ],
              [
                33.644063,
                -25.001675
              ],
              [
                33.644932,
                -24.998631
              ],
              [
                33.646193,
                -24.99691
              ],
              [
                33.646467,
                -24.99621
              ],
              [
                33.645903,
                -24.995481
              ],
              [
                33.644605,
                -24.994017
              ],
              [
                33.644975,
                -24.993745
              ],
              [
                33.64578,
                -24.993872
              ],
              [
                33.645973,
                -24.993351
              ],
              [
                33.645769,
                -24.992476
              ],
              [
                33.645625,
                -24.990833
              ],
              [
                33.645319,
                -24.989904
              ],
              [
                33.645447,
                -24.989082
              ],
              [
                33.64681,
                -24.988421
              ],
              [
                33.647926,
                -24.988032
              ],
              [
                33.648119,
                -24.99056
              ]
            ]
          ],
          [
            [
              [
                33.637143,
                -24.985776
              ],
              [
                33.639772,
                -24.983578
              ],
              [
                33.641596,
                -24.982572
              ],
              [
                33.643629,
                -24.982737
              ],
              [
                33.645673,
                -24.984794
              ],
              [
                33.645844,
                -24.986077
              ],
              [
                33.64608,
                -24.987206
              ],
              [
                33.643205,
                -24.987828
              ],
              [
                33.638914,
                -24.989792
              ],
              [
                33.634279,
                -24.991465
              ],
              [
                33.629708,
                -24.991115
              ],
              [
                33.62709,
                -24.990395
              ],
              [
                33.624902,
                -24.989287
              ],
              [
                33.624355,
                -24.988567
              ],
              [
                33.626908,
                -24.988149
              ],
              [
                33.631554,
                -24.987643
              ],
              [
                33.637143,
                -24.985776
              ]
            ]
          ],
          [
            [
              [
                33.716682,
                -25.122928
              ],
              [
                33.71655,
                -25.123314
              ],
              [
                33.716038,
                -25.123341
              ],
              [
                33.715987,
                -25.122916
              ],
              [
                33.716083,
                -25.122685
              ],
              [
                33.716298,
                -25.122639
              ],
              [
                33.716488,
                -25.12267
              ],
              [
                33.716682,
                -25.122928
              ]
            ]
          ],
          [
            [
              [
                33.742168,
                -25.112541
              ],
              [
                33.742356,
                -25.112575
              ],
              [
                33.74256,
                -25.113318
              ],
              [
                33.743144,
                -25.113026
              ],
              [
                33.743745,
                -25.11257
              ],
              [
                33.745075,
                -25.112589
              ],
              [
                33.745733,
                -25.113272
              ],
              [
                33.745531,
                -25.113408
              ],
              [
                33.744856,
                -25.113566
              ],
              [
                33.744072,
                -25.113852
              ],
              [
                33.74367,
                -25.113772
              ],
              [
                33.743037,
                -25.113891
              ],
              [
                33.741929,
                -25.114289
              ],
              [
                33.741497,
                -25.114309
              ],
              [
                33.741304,
                -25.114054
              ],
              [
                33.741387,
                -25.113636
              ],
              [
                33.741546,
                -25.113532
              ],
              [
                33.74168,
                -25.113216
              ],
              [
                33.741733,
                -25.112701
              ],
              [
                33.742168,
                -25.112541
              ]
            ]
          ],
          [
            [
              [
                33.748605,
                -25.111147
              ],
              [
                33.748659,
                -25.110802
              ],
              [
                33.74905,
                -25.110729
              ],
              [
                33.74919,
                -25.11087
              ],
              [
                33.749447,
                -25.11102
              ],
              [
                33.749764,
                -25.11087
              ],
              [
                33.749861,
                -25.110447
              ],
              [
                33.75029,
                -25.109927
              ],
              [
                33.750746,
                -25.109918
              ],
              [
                33.751658,
                -25.110185
              ],
              [
                33.752001,
                -25.110666
              ],
              [
                33.751947,
                -25.111477
              ],
              [
                33.751389,
                -25.111948
              ],
              [
                33.750054,
                -25.112531
              ],
              [
                33.749362,
                -25.112652
              ],
              [
                33.748568,
                -25.112711
              ],
              [
                33.74809,
                -25.112633
              ],
              [
                33.747688,
                -25.112303
              ],
              [
                33.747634,
                -25.111312
              ],
              [
                33.748047,
                -25.111404
              ],
              [
                33.748273,
                -25.111467
              ],
              [
                33.748648,
                -25.111399
              ],
              [
                33.748605,
                -25.111147
              ]
            ]
          ],
          [
            [
              [
                33.697954,
                -25.079361
              ],
              [
                33.702257,
                -25.078729
              ],
              [
                33.710893,
                -25.078573
              ],
              [
                33.715625,
                -25.077028
              ],
              [
                33.716784,
                -25.078185
              ],
              [
                33.719176,
                -25.080993
              ],
              [
                33.720464,
                -25.082042
              ],
              [
                33.724895,
                -25.081012
              ],
              [
                33.725871,
                -25.080983
              ],
              [
                33.732319,
                -25.080274
              ],
              [
                33.741224,
                -25.092624
              ],
              [
                33.74028,
                -25.094635
              ],
              [
                33.73749,
                -25.096744
              ],
              [
                33.738703,
                -25.099532
              ],
              [
                33.737694,
                -25.101631
              ],
              [
                33.72954,
                -25.103234
              ],
              [
                33.729959,
                -25.105468
              ],
              [
                33.731922,
                -25.108023
              ],
              [
                33.733156,
                -25.108509
              ],
              [
                33.734465,
                -25.113075
              ],
              [
                33.734717,
                -25.114503
              ],
              [
                33.7366,
                -25.114804
              ],
              [
                33.737002,
                -25.11528
              ],
              [
                33.736353,
                -25.115781
              ],
              [
                33.733376,
                -25.116771
              ],
              [
                33.731691,
                -25.117553
              ],
              [
                33.728381,
                -25.118709
              ],
              [
                33.724444,
                -25.120361
              ],
              [
                33.722212,
                -25.121352
              ],
              [
                33.723639,
                -25.116553
              ],
              [
                33.724766,
                -25.112978
              ],
              [
                33.724122,
                -25.111521
              ],
              [
                33.723156,
                -25.110287
              ],
              [
                33.722491,
                -25.109612
              ],
              [
                33.720828,
                -25.109461
              ],
              [
                33.722362,
                -25.105148
              ],
              [
                33.71968,
                -25.100941
              ],
              [
                33.717524,
                -25.098891
              ],
              [
                33.71438,
                -25.099134
              ],
              [
                33.712642,
                -25.098794
              ],
              [
                33.710995,
                -25.099658
              ],
              [
                33.710121,
                -25.098133
              ],
              [
                33.711693,
                -25.097127
              ],
              [
                33.71217,
                -25.096005
              ],
              [
                33.713168,
                -25.092784
              ],
              [
                33.713914,
                -25.092056
              ],
              [
                33.712862,
                -25.092012
              ],
              [
                33.710319,
                -25.092162
              ],
              [
                33.708994,
                -25.092867
              ],
              [
                33.7082,
                -25.094407
              ],
              [
                33.708007,
                -25.094975
              ],
              [
                33.706827,
                -25.095495
              ],
              [
                33.706269,
                -25.095481
              ],
              [
                33.705658,
                -25.094324
              ],
              [
                33.705808,
                -25.092945
              ],
              [
                33.704832,
                -25.090127
              ],
              [
                33.703609,
                -25.08935
              ],
              [
                33.702428,
                -25.089097
              ],
              [
                33.700443,
                -25.088631
              ],
              [
                33.697997,
                -25.087319
              ],
              [
                33.696603,
                -25.086269
              ],
              [
                33.695637,
                -25.084452
              ],
              [
                33.694886,
                -25.083199
              ],
              [
                33.694309,
                -25.082834
              ],
              [
                33.693408,
                -25.082358
              ],
              [
                33.692901,
                -25.082344
              ],
              [
                33.693582,
                -25.081888
              ],
              [
                33.694446,
                -25.080935
              ],
              [
                33.696388,
                -25.08109
              ],
              [
                33.697579,
                -25.080838
              ],
              [
                33.697954,
                -25.079361
              ]
            ]
          ],
          [
            [
              [
                33.690479,
                -25.081921
              ],
              [
                33.690439,
                -25.082312
              ],
              [
                33.690865,
                -25.082142
              ],
              [
                33.69097,
                -25.082276
              ],
              [
                33.691442,
                -25.082193
              ],
              [
                33.691458,
                -25.082482
              ],
              [
                33.691123,
                -25.082681
              ],
              [
                33.689629,
                -25.083138
              ],
              [
                33.689559,
                -25.082781
              ],
              [
                33.689414,
                -25.082655
              ],
              [
                33.689406,
                -25.082317
              ],
              [
                33.689857,
                -25.082128
              ],
              [
                33.690479,
                -25.081921
              ]
            ]
          ],
          [
            [
              [
                33.691698,
                -25.082587
              ],
              [
                33.69159,
                -25.082532
              ],
              [
                33.691584,
                -25.082097
              ],
              [
                33.691898,
                -25.082041
              ],
              [
                33.69202,
                -25.082414
              ],
              [
                33.691958,
                -25.082542
              ],
              [
                33.691698,
                -25.082587
              ]
            ]
          ]
        ]
      }
    },
    {
      "type": "Feature",
      "properties": {
        "projectId": 40365,
        "name": "Mozambique Floods, Massingir",
        "status": "ARCHIVED",
        "priority": "URGENT",
        "created": "2026-02-02T10:07:01.349000Z",
        "percentMapped": 100,
        "percentValidated": 100,
        "totalContributors": 0,
        "description": "Severe flooding in Mozambique has affected more than half a million people following heavy rains in the first weeks of the new year, according to the UN Office for the Coordination of Humanitarian Affairs (OCHA). The situation continues to worsen as floodwaters persist and dams keep releasing water to prevent structural failure, causing the number of affected people to rise steadily. Gaza province has been hit hardest, alongside Maputo and Sofala provinces. Around 90 percent of Mozambique\u2019s population lives in adobe homes, which can collapse after just a few days of heavy rain, leaving families exposed and displaced. \n\nHOT is working with [UNICEF](https://www.unicef.org/), [INGD](https://ingd.gov.mz/) (Mozambique Disaster Risk Management Institute) and [OSM Mozambique](https://wiki.openstreetmap.org/wiki/Mozambique) to prioritize a coordinated mapping response. Please contribute to this project to support the response and recovery operations of these organizations.",
        "url": "https://tasks.hotosm.org/projects/40365"
      },
      "geometry": {
        "type": "MultiPolygon",
        "coordinates": [
          [
            [
              [
                32.157411,
                -23.914166
              ],
              [
                32.136812,
                -23.935192
              ],
              [
                32.14016,
                -23.938251
              ],
              [
                32.149515,
                -23.933231
              ],
              [
                32.156725,
                -23.947743
              ],
              [
                32.168054,
                -23.94084
              ],
              [
                32.176123,
                -23.945782
              ],
              [
                32.181015,
                -23.944056
              ],
              [
                32.190456,
                -23.948685
              ],
              [
                32.192602,
                -23.944684
              ],
              [
                32.184706,
                -23.938879
              ],
              [
                32.188311,
                -23.917932
              ],
              [
                32.185135,
                -23.904593
              ],
              [
                32.163978,
                -23.895451
              ],
              [
                32.154837,
                -23.902788
              ],
              [
                32.158613,
                -23.912165
              ],
              [
                32.157411,
                -23.914166
              ]
            ]
          ]
        ]
      }
    },
    {
      "type": "Feature",
      "properties": {
        "projectId": 40299,
        "name": "Mozambique Floods, Guija 02",
        "status": "ARCHIVED",
        "priority": "URGENT",
        "created": "2026-01-30T09:31:27.770000Z",
        "percentMapped": 100,
        "percentValidated": 100,
        "totalContributors": 0,
        "description": "Severe flooding in Mozambique has affected more than half a million people following heavy rains in the first weeks of the new year, according to the UN Office for the Coordination of Humanitarian Affairs (OCHA). The situation continues to worsen as floodwaters persist and dams keep releasing water to prevent structural failure, causing the number of affected people to rise steadily. Gaza province has been hit hardest, alongside Maputo and Sofala provinces.\n\nOCHA officials highlighted the country\u2019s high vulnerability due to housing conditions, noting that around 90 percent of Mozambique\u2019s population lives in adobe homes. These earth-based structures are highly susceptible to prolonged rainfall and can collapse after just a few days of heavy rain, leaving families exposed and displaced.",
        "url": "https://tasks.hotosm.org/projects/40299"
      },
      "geometry": {
        "type": "MultiPolygon",
        "coordinates": [
          [
            [
              [
                33.006964,
                -24.488789
              ],
              [
                33.009195,
                -24.495975
              ],
              [
                33.014688,
                -24.504956
              ],
              [
                33.019237,
                -24.508393
              ],
              [
                33.020911,
                -24.509681
              ],
              [
                33.022156,
                -24.508119
              ],
              [
                33.020868,
                -24.507514
              ],
              [
                33.021426,
                -24.507007
              ],
              [
                33.023078,
                -24.508276
              ],
              [
                33.025203,
                -24.507807
              ],
              [
                33.026619,
                -24.507475
              ],
              [
                33.027949,
                -24.506343
              ],
              [
                33.030009,
                -24.505406
              ],
              [
                33.033314,
                -24.504859
              ],
              [
                33.035309,
                -24.50562
              ],
              [
                33.035803,
                -24.50441
              ],
              [
                33.050587,
                -24.509213
              ],
              [
                33.050287,
                -24.512395
              ],
              [
                33.052862,
                -24.51345
              ],
              [
                33.056638,
                -24.509799
              ],
              [
                33.049128,
                -24.504664
              ],
              [
                33.051038,
                -24.50277
              ],
              [
                33.043292,
                -24.498201
              ],
              [
                33.040867,
                -24.500427
              ],
              [
                33.036597,
                -24.49945
              ],
              [
                33.034344,
                -24.498474
              ],
              [
                33.034043,
                -24.498435
              ],
              [
                33.035953,
                -24.49658
              ],
              [
                33.034601,
                -24.494061
              ],
              [
                33.029473,
                -24.496658
              ],
              [
                33.025782,
                -24.49287
              ],
              [
                33.023829,
                -24.490097
              ],
              [
                33.020868,
                -24.487773
              ],
              [
                33.017478,
                -24.486543
              ],
              [
                33.014431,
                -24.485332
              ],
              [
                33.006771,
                -24.485703
              ],
              [
                33.006964,
                -24.488789
              ]
            ]
          ]
        ]
      }
    },
    {
      "type": "Feature",
      "properties": {
        "projectId": 40266,
        "name": "Mozambique Floods Chinhacanine ",
        "status": "ARCHIVED",
        "priority": "URGENT",
        "created": "2026-01-29T11:27:26.809000Z",
        "percentMapped": 100,
        "percentValidated": 100,
        "totalContributors": 0,
        "description": "Severe flooding in Mozambique has affected more than half a million people following heavy rains in the first weeks of the new year, according to the UN Office for the Coordination of Humanitarian Affairs (OCHA). The situation continues to worsen as floodwaters persist and dams keep releasing water to prevent structural failure, causing the number of affected people to rise steadily. Gaza province has been hit hardest, alongside Maputo and Sofala provinces.\n\nOCHA officials highlighted the country\u2019s high vulnerability due to housing conditions, noting that around 90 percent of Mozambique\u2019s population lives in adobe homes. These earth-based structures are highly susceptible to prolonged rainfall and can collapse after just a few days of heavy rain, leaving families exposed and displaced.",
        "url": "https://tasks.hotosm.org/projects/40266"
      },
      "geometry": {
        "type": "MultiPolygon",
        "coordinates": [
          [
            [
              [
                32.889722,
                -24.375173
              ],
              [
                32.885036,
                -24.375498
              ],
              [
                32.882769,
                -24.381625
              ],
              [
                32.879813,
                -24.390605
              ],
              [
                32.88208,
                -24.394468
              ],
              [
                32.885005,
                -24.399796
              ],
              [
                32.889832,
                -24.40146
              ],
              [
                32.890709,
                -24.406988
              ],
              [
                32.894731,
                -24.410717
              ],
              [
                32.902775,
                -24.409052
              ],
              [
                32.902579,
                -24.398784
              ],
              [
                32.896303,
                -24.399849
              ],
              [
                32.892726,
                -24.399808
              ],
              [
                32.890599,
                -24.392257
              ],
              [
                32.89411,
                -24.391091
              ],
              [
                32.889722,
                -24.375173
              ]
            ]
          ]
        ]
      }
    },
    {
      "type": "Feature",
      "properties": {
        "projectId": 40233,
        "name": "Mozambique Floods, Guija 01",
        "status": "ARCHIVED",
        "priority": "URGENT",
        "created": "2026-01-29T10:31:23.295000Z",
        "percentMapped": 100,
        "percentValidated": 100,
        "totalContributors": 0,
        "description": "Severe flooding in Mozambique has affected more than half a million people following heavy rains in the first weeks of the new year, according to the UN Office for the Coordination of Humanitarian Affairs (OCHA). The situation continues to worsen as floodwaters persist and dams keep releasing water to prevent structural failure, causing the number of affected people to rise steadily. Gaza province has been hit hardest, alongside Maputo and Sofala provinces.\n\nOCHA officials highlighted the country\u2019s high vulnerability due to housing conditions, noting that around 90 percent of Mozambique\u2019s population lives in adobe homes. These earth-based structures are highly susceptible to prolonged rainfall and can collapse after just a few days of heavy rain, leaving families exposed and displaced.",
        "url": "https://tasks.hotosm.org/projects/40233"
      },
      "geometry": {
        "type": "MultiPolygon",
        "coordinates": [
          [
            [
              [
                32.865096,
                -24.405934
              ],
              [
                32.874652,
                -24.418986
              ],
              [
                32.878892,
                -24.41715
              ],
              [
                32.877605,
                -24.414604
              ],
              [
                32.876689,
                -24.4102
              ],
              [
                32.873749,
                -24.406094
              ],
              [
                32.870387,
                -24.402557
              ],
              [
                32.865096,
                -24.405934
              ]
            ]
          ]
        ]
      }
    },
    {
      "type": "Feature",
      "properties": {
        "projectId": 39738,
        "name": "Mozambique Floods, Chicumbane",
        "status": "ARCHIVED",
        "priority": "URGENT",
        "created": "2026-01-21T12:52:16.839000Z",
        "percentMapped": 100,
        "percentValidated": 100,
        "totalContributors": 0,
        "description": "Severe flooding in Mozambique has affected more than half a million people following heavy rains in the first weeks of the new year, according to the UN Office for the Coordination of Humanitarian Affairs (OCHA). The situation continues to worsen as floodwaters persist and dams keep releasing water to prevent structural failure, causing the number of affected people to rise steadily. Gaza province has been hit hardest, alongside Maputo and Sofala provinces. Around 90 percent of Mozambique\u2019s population lives in adobe homes, which can collapse after just a few days of heavy rain, leaving families exposed and displaced. \n\nHOT is working with [UNICEF](https://www.unicef.org/), [INGD](https://ingd.gov.mz/) (Mozambique Disaster Risk Management Institute) and [OSM Mozambique](https://wiki.openstreetmap.org/wiki/Mozambique) to prioritize a coordinated mapping response. Please contribute to this project to support the response and recovery operations of these organizations. ",
        "url": "https://tasks.hotosm.org/projects/39738"
      },
      "geometry": {
        "type": "MultiPolygon",
        "coordinates": [
          [
            [
              [
                33.522414,
                -24.938509
              ],
              [
                33.527355,
                -24.943417
              ],
              [
                33.554478,
                -24.956958
              ],
              [
                33.560486,
                -24.964545
              ],
              [
                33.558082,
                -24.978433
              ],
              [
                33.551388,
                -24.999594
              ],
              [
                33.509331,
                -25.018729
              ],
              [
                33.489418,
                -25.051857
              ],
              [
                33.478818,
                -25.061576
              ],
              [
                33.444099,
                -25.066941
              ],
              [
                33.437399,
                -25.065445
              ],
              [
                33.43265,
                -25.054549
              ],
              [
                33.44109,
                -25.035559
              ],
              [
                33.458813,
                -25.002223
              ],
              [
                33.463489,
                -24.95146
              ],
              [
                33.45221,
                -24.881023
              ],
              [
                33.464348,
                -24.845176
              ],
              [
                33.483895,
                -24.83628
              ],
              [
                33.502205,
                -24.840257
              ],
              [
                33.504696,
                -24.849603
              ],
              [
                33.502378,
                -24.860117
              ],
              [
                33.513365,
                -24.864244
              ],
              [
                33.519721,
                -24.882522
              ],
              [
                33.528124,
                -24.89358
              ],
              [
                33.520879,
                -24.911333
              ],
              [
                33.528665,
                -24.921435
              ],
              [
                33.516121,
                -24.931438
              ],
              [
                33.522414,
                -24.938509
              ]
            ]
          ]
        ]
      }
    }
  ],
  "metadata": {
    "source": "HOT Tasking Manager API",
    "description": "Mozambique flood response project boundaries",
    "updated": "2026-03-17T01:25:03.530573Z",
    "project_count": 13
  }
}